Actual,Predicted,Confidence
AFIB,Normal,0.5253
AFIB,Normal,0.5455
AFIB,Normal,0.606
AFIB,Normal,0.5836
AFIB,Normal,0.5011
AFIB,Normal,0.5721
AFIB,Normal,0.6409
AFIB,Normal,0.5357
AFIB,Normal,0.503
AFIB,Normal,0.6
AFIB,Normal,0.6376
AFIB,Normal,0.5552
AFIB,Normal,0.5989
AFIB,Normal,0.5746
AFIB,Normal,0.6131
AFIB,Normal,0.584
AFIB,Normal,0.6161
AFIB,Normal,0.6271
AFIB,Normal,0.5585
AFIB,Normal,0.6842
AFIB,Normal,0.6646
AFIB,Normal,0.6216
AFIB,Normal,0.578
AFIB,Normal,0.5155
AFIB,Normal,0.532
AFIB,Normal,0.5242
AFIB,Normal,0.6537
AFIB,Normal,0.7112
AFIB,Normal,0.5667
AFIB,Normal,0.5867
AFIB,Normal,0.5526
AFIB,Normal,0.5547
AFIB,Normal,0.5475
AFIB,Normal,0.6364
AFIB,Normal,0.6399
AFIB,Normal,0.5515
AFIB,Normal,0.5741
AFIB,Normal,0.6051
AFIB,Normal,0.5639
AFIB,Normal,0.6121
AFIB,Normal,0.5087
AFIB,Normal,0.582
AFIB,Normal,0.5693
AFIB,Normal,0.5134
AFIB,Normal,0.5991
AFIB,Normal,0.5328
AFIB,Normal,0.5299
AFIB,Normal,0.5792
AFIB,Normal,0.564
AFIB,Normal,0.593
AFIB,Normal,0.5103
AFIB,Normal,0.5668
AFIB,Normal,0.5611
AFIB,Normal,0.542
AFIB,Normal,0.5243
AFIB,Normal,0.7559
AFIB,Normal,0.6304
AFIB,Normal,0.6159
AFIB,Normal,0.6385
AFIB,Normal,0.6481
AFIB,Normal,0.6537
AFIB,Normal,0.6611
AFIB,Normal,0.5556
AFIB,Normal,0.5642
AFIB,Normal,0.6626
AFIB,Normal,0.6601
AFIB,Normal,0.6397
AFIB,Normal,0.6425
AFIB,Normal,0.6498
AFIB,Normal,0.6271
AFIB,Normal,0.5655
AFIB,Normal,0.6276
AFIB,Normal,0.6505
AFIB,Normal,0.6566
AFIB,Normal,0.6797
AFIB,Normal,0.656
AFIB,Normal,0.6566
AFIB,Normal,0.6607
AFIB,Normal,0.6706
AFIB,Normal,0.6531
AFIB,Normal,0.6182
AFIB,Normal,0.626
AFIB,Normal,0.5962
AFIB,Normal,0.6244
AFIB,Normal,0.6127
AFIB,Normal,0.6394
AFIB,Normal,0.6426
AFIB,Normal,0.6462
AFIB,Normal,0.6251
AFIB,Normal,0.6313
AFIB,Normal,0.6512
AFIB,Normal,0.6492
AFIB,Normal,0.6424
AFIB,Normal,0.5855
AFIB,Normal,0.5651
AFIB,Normal,0.6358
AFIB,Normal,0.6468
AFIB,Normal,0.6374
AFIB,Normal,0.6226
AFIB,Normal,0.635
AFIB,Normal,0.6372
AFIB,Normal,0.642
AFIB,Normal,0.6503
AFIB,Normal,0.6504
AFIB,Normal,0.6566
AFIB,Normal,0.6345
AFIB,Normal,0.622
AFIB,Normal,0.6644
AFIB,Normal,0.6503
AFIB,Normal,0.6033
AFIB,Normal,0.5928
AFIB,Normal,0.5936
AFIB,Normal,0.6529
AFIB,Normal,0.6519
AFIB,Normal,0.6384
AFIB,Normal,0.6462
AFIB,Normal,0.6457
AFIB,Normal,0.6249
AFIB,Normal,0.6282
AFIB,Normal,0.6559
AFIB,Normal,0.6316
AFIB,Normal,0.641
AFIB,Normal,0.6633
AFIB,Normal,0.644
AFIB,Normal,0.646
AFIB,Normal,0.5721
AFIB,Normal,0.5706
AFIB,Normal,0.6485
AFIB,Normal,0.647
AFIB,Normal,0.6263
AFIB,Normal,0.6335
AFIB,Normal,0.6729
AFIB,Normal,0.6646
AFIB,Normal,0.63
AFIB,Normal,0.6274
AFIB,Normal,0.6301
AFIB,Normal,0.6493
AFIB,Normal,0.667
AFIB,Normal,0.6439
AFIB,Normal,0.6384
AFIB,Normal,0.649
AFIB,Normal,0.6242
AFIB,Normal,0.6397
AFIB,Normal,0.6675
AFIB,Normal,0.6402
AFIB,Normal,0.6394
AFIB,Normal,0.6483
AFIB,Normal,0.6589
AFIB,Normal,0.6439
AFIB,Normal,0.643
AFIB,Normal,0.657
AFIB,Normal,0.6427
AFIB,Normal,0.6186
AFIB,Normal,0.6163
AFIB,Normal,0.5865
AFIB,Normal,0.6356
AFIB,Normal,0.6231
AFIB,Normal,0.6614
AFIB,Normal,0.6706
AFIB,Normal,0.6317
AFIB,Normal,0.6406
AFIB,Normal,0.6516
AFIB,Normal,0.641
AFIB,Normal,0.6375
AFIB,Normal,0.6271
AFIB,Normal,0.6212
AFIB,Normal,0.5904
AFIB,Normal,0.6037
AFIB,Normal,0.6268
AFIB,Normal,0.6378
AFIB,Normal,0.5721
AFIB,Normal,0.5708
AFIB,Normal,0.6664
AFIB,Normal,0.6542
AFIB,Normal,0.6566
AFIB,Normal,0.6497
AFIB,Normal,0.6332
AFIB,Normal,0.6267
AFIB,Normal,0.626
AFIB,Normal,0.6547
AFIB,Normal,0.6473
AFIB,Normal,0.6431
AFIB,Normal,0.6364
AFIB,Normal,0.6615
AFIB,Normal,0.661
AFIB,Normal,0.6405
AFIB,Normal,0.6098
AFIB,Normal,0.6072
AFIB,Normal,0.636
AFIB,Normal,0.5686
AFIB,Normal,0.5728
AFIB,Normal,0.6489
AFIB,Normal,0.6476
AFIB,Normal,0.6345
AFIB,Normal,0.6459
AFIB,Normal,0.6411
AFIB,Normal,0.6413
AFIB,Normal,0.654
AFIB,Normal,0.6577
AFIB,Normal,0.6489
AFIB,Normal,0.6672
AFIB,Normal,0.6667
AFIB,Normal,0.6188
AFIB,Normal,0.6429
AFIB,Normal,0.676
AFIB,Normal,0.6385
AFIB,Normal,0.6371
AFIB,Normal,0.6464
AFIB,Normal,0.6692
AFIB,Normal,0.6727
AFIB,Normal,0.6512
AFIB,Normal,0.6448
AFIB,Normal,0.6331
AFIB,Normal,0.6178
AFIB,Normal,0.5733
AFIB,Normal,0.6558
AFIB,Normal,0.6534
AFIB,Normal,0.6462
AFIB,Normal,0.6436
AFIB,Normal,0.6568
AFIB,Normal,0.6398
AFIB,Normal,0.6218
AFIB,Normal,0.6444
AFIB,Normal,0.6692
AFIB,Normal,0.6705
AFIB,Normal,0.636
AFIB,Normal,0.6388
AFIB,Normal,0.6783
AFIB,Normal,0.6834
AFIB,Normal,0.6567
AFIB,Normal,0.6351
AFIB,Normal,0.6185
AFIB,Normal,0.6465
AFIB,Normal,0.6599
AFIB,Normal,0.6399
AFIB,Normal,0.6229
AFIB,Normal,0.6508
AFIB,Normal,0.6274
AFIB,Normal,0.6213
AFIB,Normal,0.6586
AFIB,Normal,0.6248
AFIB,Normal,0.6195
AFIB,Normal,0.6245
AFIB,Normal,0.5783
AFIB,Normal,0.56
AFIB,Normal,0.6481
AFIB,Normal,0.6469
AFIB,Normal,0.6523
AFIB,Normal,0.6452
AFIB,Normal,0.5733
AFIB,Normal,0.5916
AFIB,Normal,0.6768
AFIB,Normal,0.6674
AFIB,Normal,0.6539
AFIB,Normal,0.615
AFIB,Normal,0.6163
AFIB,Normal,0.5732
AFIB,Normal,0.568
AFIB,Normal,0.614
AFIB,Normal,0.624
AFIB,Normal,0.6462
AFIB,Normal,0.6343
AFIB,Normal,0.5846
AFIB,Normal,0.6387
AFIB,Normal,0.6593
AFIB,Normal,0.6679
AFIB,Normal,0.6503
AFIB,Normal,0.6566
AFIB,Normal,0.6672
AFIB,Normal,0.6595
AFIB,Normal,0.6444
AFIB,Normal,0.6521
AFIB,Normal,0.6437
AFIB,Normal,0.6386
AFIB,Normal,0.5747
AFIB,Normal,0.6423
AFIB,Normal,0.6595
AFIB,Normal,0.6359
AFIB,Normal,0.6318
AFIB,Normal,0.6436
AFIB,Normal,0.6445
AFIB,Normal,0.6296
AFIB,Normal,0.6326
AFIB,Normal,0.6646
AFIB,Normal,0.6424
AFIB,Normal,0.5821
AFIB,Normal,0.5584
AFIB,Normal,0.6408
AFIB,Normal,0.6226
AFIB,Normal,0.6406
AFIB,Normal,0.6453
AFIB,Normal,0.635
AFIB,Normal,0.6464
AFIB,Normal,0.6439
AFIB,Normal,0.6563
AFIB,Normal,0.654
AFIB,Normal,0.6613
AFIB,Normal,0.6542
AFIB,Normal,0.6317
AFIB,Normal,0.6217
AFIB,Normal,0.626
AFIB,Normal,0.6338
AFIB,Normal,0.6357
AFIB,Normal,0.639
AFIB,Normal,0.642
AFIB,Normal,0.6594
AFIB,Normal,0.6526
AFIB,Normal,0.6437
AFIB,Normal,0.6473
AFIB,Normal,0.5694
AFIB,Normal,0.5826
AFIB,Normal,0.6347
AFIB,Normal,0.6335
AFIB,Normal,0.6677
AFIB,Normal,0.652
AFIB,Normal,0.6249
AFIB,Normal,0.5783
AFIB,Normal,0.5832
AFIB,Normal,0.5942
AFIB,Normal,0.6421
AFIB,Normal,0.6408
AFIB,Normal,0.6051
AFIB,Normal,0.6156
AFIB,Normal,0.6427
AFIB,Normal,0.6368
AFIB,Normal,0.6319
AFIB,Normal,0.6161
AFIB,Normal,0.6426
AFIB,Normal,0.63
AFIB,Normal,0.6336
AFIB,Normal,0.6504
AFIB,Normal,0.6637
AFIB,Normal,0.6595
AFIB,Normal,0.6442
AFIB,Normal,0.5755
AFIB,Normal,0.6246
AFIB,Normal,0.6495
AFIB,Normal,0.6563
AFIB,Normal,0.6386
AFIB,Normal,0.6534
AFIB,Normal,0.6501
AFIB,Normal,0.6492
AFIB,Normal,0.6623
AFIB,Normal,0.6501
AFIB,Normal,0.6017
AFIB,Normal,0.5837
AFIB,Normal,0.6436
AFIB,Normal,0.6899
AFIB,Normal,0.6116
AFIB,Normal,0.6513
AFIB,Normal,0.6385
AFIB,Normal,0.6534
AFIB,Normal,0.6577
AFIB,Normal,0.6501
AFIB,Normal,0.6497
AFIB,Normal,0.6352
AFIB,Normal,0.6427
AFIB,Normal,0.6299
AFIB,Normal,0.6136
AFIB,Normal,0.6208
AFIB,Normal,0.6684
AFIB,Normal,0.6528
AFIB,Normal,0.6416
AFIB,Normal,0.6375
AFIB,Normal,0.6236
AFIB,Normal,0.6326
AFIB,Normal,0.6363
AFIB,Normal,0.6508
AFIB,Normal,0.645
AFIB,Normal,0.5952
AFIB,Normal,0.5897
AFIB,Normal,0.6604
AFIB,Normal,0.685
AFIB,Normal,0.6459
AFIB,Normal,0.6372
AFIB,Normal,0.6473
AFIB,Normal,0.608
AFIB,Normal,0.6166
AFIB,Normal,0.6529
AFIB,Normal,0.6572
AFIB,Normal,0.6301
AFIB,Normal,0.5974
AFIB,Normal,0.6153
AFIB,Normal,0.644
AFIB,Normal,0.6063
AFIB,Normal,0.6305
AFIB,Normal,0.6506
AFIB,Normal,0.6487
AFIB,Normal,0.5832
AFIB,Normal,0.5529
AFIB,Normal,0.644
AFIB,Normal,0.6628
AFIB,Normal,0.6316
AFIB,Normal,0.6324
AFIB,Normal,0.607
AFIB,Normal,0.6462
AFIB,Normal,0.6429
AFIB,Normal,0.6349
AFIB,Normal,0.6388
AFIB,Normal,0.6457
AFIB,Normal,0.6349
AFIB,Normal,0.6407
AFIB,Normal,0.6586
AFIB,Normal,0.6252
AFIB,Normal,0.6351
AFIB,Normal,0.6038
AFIB,Normal,0.5785
AFIB,Normal,0.6546
AFIB,Normal,0.6462
AFIB,Normal,0.6568
AFIB,Normal,0.6619
AFIB,Normal,0.6617
AFIB,Normal,0.6521
AFIB,Normal,0.6353
AFIB,Normal,0.6348
AFIB,Normal,0.6367
AFIB,Normal,0.6207
AFIB,Normal,0.5838
AFIB,Normal,0.5738
AFIB,Normal,0.6798
AFIB,Normal,0.6448
AFIB,Normal,0.6341
AFIB,Normal,0.6358
AFIB,Normal,0.6201
AFIB,Normal,0.6209
AFIB,Normal,0.636
AFIB,Normal,0.6394
AFIB,Normal,0.6463
AFIB,Normal,0.6379
AFIB,Normal,0.6029
AFIB,Normal,0.5928
AFIB,Normal,0.6363
AFIB,Normal,0.6503
AFIB,Normal,0.642
AFIB,Normal,0.6409
AFIB,Normal,0.576
AFIB,Normal,0.5801
AFIB,Normal,0.631
AFIB,Normal,0.6184
AFIB,Normal,0.6481
AFIB,Normal,0.6428
AFIB,Normal,0.5927
AFIB,Normal,0.605
AFIB,Normal,0.641
AFIB,Normal,0.6199
AFIB,Normal,0.6412
AFIB,Normal,0.6273
AFIB,Normal,0.6413
AFIB,Normal,0.6554
AFIB,Normal,0.5796
AFIB,Normal,0.5356
AFIB,Normal,0.5426
AFIB,Normal,0.6403
AFIB,Normal,0.6062
AFIB,Normal,0.5958
AFIB,Normal,0.638
AFIB,Normal,0.6432
AFIB,Normal,0.6485
AFIB,Normal,0.6363
AFIB,Normal,0.6555
AFIB,Normal,0.6323
AFIB,Normal,0.6345
AFIB,Normal,0.6525
AFIB,Normal,0.6565
AFIB,Normal,0.6634
AFIB,Normal,0.6416
AFIB,Normal,0.6
AFIB,Normal,0.6173
AFIB,Normal,0.634
AFIB,Normal,0.6392
AFIB,Normal,0.6269
AFIB,Normal,0.6378
AFIB,Normal,0.6515
AFIB,Normal,0.6593
AFIB,Normal,0.6584
AFIB,Normal,0.661
AFIB,Normal,0.6154
AFIB,Normal,0.5966
AFIB,Normal,0.5649
AFIB,Normal,0.685
AFIB,Normal,0.6262
AFIB,Normal,0.6394
AFIB,Normal,0.6446
AFIB,Normal,0.6312
AFIB,Normal,0.6303
AFIB,Normal,0.6275
AFIB,Normal,0.6381
AFIB,Normal,0.6475
AFIB,Normal,0.6473
AFIB,Normal,0.6316
AFIB,Normal,0.602
AFIB,Normal,0.6619
AFIB,Normal,0.6649
AFIB,Normal,0.6463
AFIB,Normal,0.5882
AFIB,Normal,0.5941
AFIB,Normal,0.6557
AFIB,Normal,0.6423
AFIB,Normal,0.6498
AFIB,Normal,0.665
AFIB,Normal,0.6551
AFIB,Normal,0.6358
AFIB,Normal,0.6417
AFIB,Normal,0.6396
AFIB,Normal,0.6244
AFIB,Normal,0.6189
AFIB,Normal,0.6445
AFIB,Normal,0.6416
AFIB,Normal,0.6337
AFIB,Normal,0.5555
AFIB,Normal,0.548
AFIB,Normal,0.6149
AFIB,Normal,0.636
AFIB,Normal,0.6146
AFIB,Normal,0.6086
AFIB,Normal,0.6361
AFIB,Normal,0.6434
AFIB,Normal,0.6584
AFIB,Normal,0.6528
AFIB,Normal,0.6071
AFIB,Normal,0.5703
AFIB,Normal,0.5938
AFIB,Normal,0.6358
AFIB,Normal,0.6472
AFIB,Normal,0.6471
AFIB,Normal,0.6275
AFIB,Normal,0.5633
AFIB,Normal,0.6397
AFIB,Normal,0.6612
AFIB,Normal,0.651
AFIB,Normal,0.6404
AFIB,Normal,0.628
AFIB,Normal,0.6465
AFIB,Normal,0.6646
AFIB,Normal,0.6699
AFIB,Normal,0.6769
AFIB,Normal,0.6737
AFIB,Normal,0.6259
AFIB,Normal,0.6041
AFIB,Normal,0.6204
AFIB,Normal,0.6318
AFIB,Normal,0.6638
AFIB,Normal,0.6563
AFIB,Normal,0.6357
AFIB,Normal,0.6443
AFIB,Normal,0.6454
AFIB,Normal,0.6436
AFIB,Normal,0.6659
AFIB,Normal,0.6501
AFIB,Normal,0.5908
AFIB,Normal,0.5382
AFIB,Normal,0.6265
AFIB,Normal,0.6449
AFIB,Normal,0.6095
AFIB,Normal,0.5882
AFIB,Normal,0.6336
AFIB,Normal,0.6398
AFIB,Normal,0.6384
AFIB,Normal,0.6483
AFIB,Normal,0.6483
AFIB,Normal,0.6405
AFIB,Normal,0.6362
AFIB,Normal,0.6175
AFIB,Normal,0.6264
AFIB,Normal,0.6416
AFIB,Normal,0.6462
AFIB,Normal,0.5731
AFIB,Normal,0.5603
AFIB,Normal,0.6341
AFIB,Normal,0.6263
AFIB,Normal,0.6282
AFIB,Normal,0.6306
AFIB,Normal,0.6616
AFIB,Normal,0.6217
AFIB,Normal,0.6264
AFIB,Normal,0.6493
AFIB,Normal,0.6149
AFIB,Normal,0.6043
AFIB,Normal,0.6228
AFIB,Normal,0.645
AFIB,Normal,0.6402
AFIB,Normal,0.6371
AFIB,Normal,0.606
AFIB,Normal,0.5601
AFIB,Normal,0.5485
AFIB,Normal,0.6115
AFIB,Normal,0.6156
AFIB,Normal,0.6624
AFIB,Normal,0.6501
AFIB,Normal,0.6172
AFIB,Normal,0.6404
AFIB,Normal,0.6331
AFIB,Normal,0.6371
AFIB,Normal,0.6354
AFIB,Normal,0.6335
AFIB,Normal,0.6556
AFIB,Normal,0.6514
AFIB,Normal,0.641
AFIB,Normal,0.6078
AFIB,Normal,0.6392
AFIB,Normal,0.6726
AFIB,Normal,0.6633
AFIB,Normal,0.6366
AFIB,Normal,0.6287
AFIB,Normal,0.6528
AFIB,Normal,0.6632
AFIB,Normal,0.646
AFIB,Normal,0.6327
AFIB,Normal,0.5993
AFIB,Normal,0.5928
AFIB,Normal,0.6058
AFIB,Normal,0.63
AFIB,Normal,0.5972
AFIB,Normal,0.6443
AFIB,Normal,0.6378
AFIB,Normal,0.6352
AFIB,Normal,0.6419
AFIB,Normal,0.6363
AFIB,Normal,0.6414
AFIB,Normal,0.6354
AFIB,Normal,0.646
AFIB,Normal,0.6439
AFIB,Normal,0.6051
AFIB,Normal,0.6194
AFIB,Normal,0.656
AFIB,Normal,0.6408
AFIB,Normal,0.6568
AFIB,Normal,0.6618
AFIB,Normal,0.6332
AFIB,Normal,0.6464
AFIB,Normal,0.6383
AFIB,Normal,0.6345
AFIB,Normal,0.6402
AFIB,Normal,0.6031
AFIB,Normal,0.6036
AFIB,Normal,0.6963
AFIB,Normal,0.6768
AFIB,Normal,0.6451
AFIB,Normal,0.6364
AFIB,Normal,0.6436
AFIB,Normal,0.6403
AFIB,Normal,0.6715
AFIB,Normal,0.5828
AFIB,Normal,0.5861
AFIB,Normal,0.649
AFIB,Normal,0.5984
AFIB,Normal,0.6097
AFIB,Normal,0.6706
AFIB,Normal,0.6334
AFIB,Normal,0.6216
AFIB,Normal,0.6025
AFIB,Normal,0.551
AFIB,Normal,0.6406
AFIB,Normal,0.6678
AFIB,Normal,0.6598
AFIB,Normal,0.6461
AFIB,Normal,0.6513
AFIB,Normal,0.6245
AFIB,Normal,0.5932
AFIB,Normal,0.6278
AFIB,Normal,0.6316
AFIB,Normal,0.6438
AFIB,Normal,0.6517
AFIB,Normal,0.6468
AFIB,Normal,0.6575
AFIB,Normal,0.6462
AFIB,Normal,0.6449
AFIB,Normal,0.6442
AFIB,Normal,0.6326
AFIB,Normal,0.5896
AFIB,Normal,0.5524
AFIB,Normal,0.5968
AFIB,Normal,0.6437
AFIB,Normal,0.6441
AFIB,Normal,0.6459
AFIB,Normal,0.6566
AFIB,Normal,0.6532
AFIB,Normal,0.6518
AFIB,Normal,0.6443
AFIB,Normal,0.6285
AFIB,Normal,0.6168
AFIB,Normal,0.5835
AFIB,Normal,0.5538
AFIB,Normal,0.6327
AFIB,Normal,0.6522
AFIB,Normal,0.6242
AFIB,Normal,0.64
AFIB,Normal,0.6465
AFIB,Normal,0.6514
AFIB,Normal,0.656
AFIB,Normal,0.6503
AFIB,Normal,0.6496
AFIB,Normal,0.6458
AFIB,Normal,0.632
AFIB,Normal,0.5679
AFIB,Normal,0.5927
AFIB,Normal,0.5926
AFIB,Normal,0.5769
AFIB,Normal,0.6388
AFIB,Normal,0.6514
AFIB,Normal,0.6568
AFIB,Normal,0.6129
AFIB,Normal,0.6211
AFIB,Normal,0.6529
AFIB,Normal,0.6409
AFIB,Normal,0.6044
AFIB,Normal,0.6022
AFIB,Normal,0.6128
AFIB,Normal,0.6048
AFIB,Normal,0.645
AFIB,Normal,0.6435
AFIB,Normal,0.6448
AFIB,Normal,0.6632
AFIB,Normal,0.5515
AFIB,Normal,0.5513
AFIB,Normal,0.635
AFIB,Normal,0.6464
AFIB,Normal,0.6178
AFIB,Normal,0.5553
AFIB,Normal,0.6652
AFIB,Normal,0.6636
AFIB,Normal,0.6271
AFIB,Normal,0.6301
AFIB,Normal,0.6437
AFIB,Normal,0.6404
AFIB,Normal,0.6487
AFIB,Normal,0.6471
AFIB,Normal,0.6345
AFIB,Normal,0.6402
AFIB,Normal,0.6483
AFIB,Normal,0.6089
AFIB,Normal,0.5878
AFIB,Normal,0.6431
AFIB,Normal,0.6434
AFIB,Normal,0.6557
AFIB,Normal,0.659
AFIB,Normal,0.6442
AFIB,Normal,0.6693
AFIB,Normal,0.6643
AFIB,Normal,0.656
AFIB,Normal,0.612
AFIB,Normal,0.5861
AFIB,Normal,0.59
AFIB,Normal,0.6337
AFIB,Normal,0.6064
AFIB,Normal,0.6274
AFIB,Normal,0.6435
AFIB,Normal,0.6602
AFIB,Normal,0.653
AFIB,Normal,0.6376
AFIB,Normal,0.6214
AFIB,Normal,0.6495
AFIB,Normal,0.6516
AFIB,Normal,0.6495
AFIB,Normal,0.6089
AFIB,Normal,0.6321
AFIB,Normal,0.623
AFIB,Normal,0.5986
AFIB,Normal,0.5972
AFIB,Normal,0.614
AFIB,Normal,0.6349
AFIB,Normal,0.6509
AFIB,Normal,0.6391
AFIB,Normal,0.6271
AFIB,Normal,0.6429
AFIB,Normal,0.6167
AFIB,Normal,0.5859
AFIB,Normal,0.621
AFIB,Normal,0.5993
AFIB,Normal,0.6072
AFIB,Normal,0.625
AFIB,Normal,0.6395
AFIB,Normal,0.6428
AFIB,Normal,0.6496
AFIB,Normal,0.5471
AFIB,Normal,0.5557
AFIB,Normal,0.6216
AFIB,Normal,0.618
AFIB,Normal,0.6462
AFIB,Normal,0.657
AFIB,Normal,0.6341
AFIB,Normal,0.6074
AFIB,Normal,0.6125
AFIB,Normal,0.6424
AFIB,Normal,0.6185
AFIB,Normal,0.6254
AFIB,Normal,0.6459
AFIB,Normal,0.6454
AFIB,Normal,0.6476
AFIB,Normal,0.6181
AFIB,Normal,0.5952
AFIB,Normal,0.6269
AFIB,Normal,0.6519
AFIB,Normal,0.6558
AFIB,Normal,0.6357
AFIB,Normal,0.6359
AFIB,Normal,0.6508
AFIB,Normal,0.6568
AFIB,Normal,0.6413
AFIB,Normal,0.6446
AFIB,Normal,0.6342
AFIB,Normal,0.6002
AFIB,Normal,0.5738
AFIB,Normal,0.6437
AFIB,Normal,0.6513
AFIB,Normal,0.6386
AFIB,Normal,0.6394
AFIB,Normal,0.6459
AFIB,Normal,0.653
AFIB,Normal,0.6361
AFIB,Normal,0.6529
AFIB,Normal,0.6547
AFIB,Normal,0.6218
AFIB,Normal,0.5866
AFIB,Normal,0.5685
AFIB,Normal,0.6476
AFIB,Normal,0.6373
AFIB,Normal,0.6308
AFIB,Normal,0.5819
AFIB,Normal,0.5819
AFIB,Normal,0.6441
AFIB,Normal,0.6405
AFIB,Normal,0.6466
AFIB,Normal,0.6386
AFIB,Normal,0.6434
AFIB,Normal,0.6536
AFIB,Normal,0.6451
AFIB,Normal,0.6416
AFIB,Normal,0.6466
AFIB,Normal,0.6414
AFIB,Normal,0.5664
AFIB,Normal,0.5894
AFIB,Normal,0.6444
AFIB,Normal,0.6298
AFIB,Normal,0.6461
AFIB,Normal,0.6599
AFIB,Normal,0.6519
AFIB,Normal,0.605
AFIB,Normal,0.6065
AFIB,Normal,0.6269
AFIB,Normal,0.6283
AFIB,Normal,0.6491
AFIB,Normal,0.6289
AFIB,Normal,0.6053
AFIB,Normal,0.5765
AFIB,Normal,0.5585
AFIB,Normal,0.5782
AFIB,Normal,0.6386
AFIB,Normal,0.6603
AFIB,Normal,0.6562
AFIB,Normal,0.5647
AFIB,Normal,0.6072
AFIB,Normal,0.666
AFIB,Normal,0.6367
AFIB,Normal,0.6358
AFIB,Normal,0.6332
AFIB,Normal,0.6374
AFIB,Normal,0.6435
AFIB,Normal,0.6596
AFIB,Normal,0.6704
AFIB,Normal,0.6334
AFIB,Normal,0.6042
AFIB,Normal,0.5993
AFIB,Normal,0.6373
AFIB,Normal,0.6259
AFIB,Normal,0.6394
AFIB,Normal,0.6311
AFIB,Normal,0.62
AFIB,Normal,0.6336
AFIB,Normal,0.6615
AFIB,Normal,0.6576
AFIB,Normal,0.6537
AFIB,Normal,0.6103
AFIB,Normal,0.5973
AFIB,Normal,0.5746
AFIB,Normal,0.6205
AFIB,Normal,0.6247
AFIB,Normal,0.6567
AFIB,Normal,0.6363
AFIB,Normal,0.6554
AFIB,Normal,0.6536
AFIB,Normal,0.6372
AFIB,Normal,0.6216
AFIB,Normal,0.6354
AFIB,Normal,0.6451
AFIB,Normal,0.6298
AFIB,Normal,0.6108
AFIB,Normal,0.6213
AFIB,Normal,0.6502
AFIB,Normal,0.6366
AFIB,Normal,0.615
AFIB,Normal,0.6086
AFIB,Normal,0.6128
AFIB,Normal,0.6392
AFIB,Normal,0.6286
AFIB,Normal,0.6575
AFIB,Normal,0.6655
AFIB,Normal,0.6261
AFIB,Normal,0.6088
AFIB,Normal,0.6621
AFIB,Normal,0.6471
AFIB,Normal,0.6526
AFIB,Normal,0.6637
AFIB,Normal,0.5839
AFIB,Normal,0.5959
AFIB,Normal,0.6308
AFIB,Normal,0.5877
AFIB,Normal,0.5941
AFIB,Normal,0.6422
AFIB,Normal,0.5951
AFIB,Normal,0.6171
AFIB,Normal,0.6663
AFIB,Normal,0.6324
AFIB,Normal,0.6062
AFIB,Normal,0.6299
AFIB,Normal,0.6488
AFIB,Normal,0.6363
AFIB,Normal,0.6381
AFIB,Normal,0.6461
AFIB,Normal,0.653
AFIB,Normal,0.6578
AFIB,Normal,0.6436
AFIB,Normal,0.6117
AFIB,Normal,0.6539
AFIB,Normal,0.6715
AFIB,Normal,0.6429
AFIB,Normal,0.6316
AFIB,Normal,0.6511
AFIB,Normal,0.6419
AFIB,Normal,0.6386
AFIB,Normal,0.6452
AFIB,Normal,0.6304
AFIB,Normal,0.6378
AFIB,Normal,0.6203
AFIB,Normal,0.6044
AFIB,Normal,0.6493
AFIB,Normal,0.6457
AFIB,Normal,0.6372
AFIB,Normal,0.657
AFIB,Normal,0.664
AFIB,Normal,0.6398
AFIB,Normal,0.6412
AFIB,Normal,0.6445
AFIB,Normal,0.6425
AFIB,Normal,0.6453
AFIB,Normal,0.6323
AFIB,Normal,0.6074
AFIB,Normal,0.6425
AFIB,Normal,0.6603
AFIB,Normal,0.5633
AFIB,Normal,0.5749
AFIB,Normal,0.6468
AFIB,Normal,0.631
AFIB,Normal,0.6118
AFIB,Normal,0.6035
AFIB,Normal,0.6426
AFIB,Normal,0.6624
AFIB,Normal,0.6465
AFIB,Normal,0.5928
AFIB,Normal,0.6369
AFIB,Normal,0.6519
AFIB,Normal,0.649
AFIB,Normal,0.6515
AFIB,Normal,0.6526
AFIB,Normal,0.6203
AFIB,Normal,0.6032
AFIB,Normal,0.6242
AFIB,Normal,0.6546
AFIB,Normal,0.6578
AFIB,Normal,0.6136
AFIB,Normal,0.6058
AFIB,Normal,0.6126
AFIB,Normal,0.5935
AFIB,Normal,0.6237
AFIB,Normal,0.5979
AFIB,Normal,0.6067
AFIB,Normal,0.6244
AFIB,Normal,0.6238
AFIB,Normal,0.6446
AFIB,Normal,0.6437
AFIB,Normal,0.6468
AFIB,Normal,0.6337
AFIB,Normal,0.5853
AFIB,Normal,0.6244
AFIB,Normal,0.6484
AFIB,Normal,0.665
AFIB,Normal,0.6559
AFIB,Normal,0.6698
AFIB,Normal,0.6388
AFIB,Normal,0.6426
AFIB,Normal,0.658
AFIB,Normal,0.6506
AFIB,Normal,0.6617
AFIB,Normal,0.6152
AFIB,Normal,0.5956
AFIB,Normal,0.6392
AFIB,Normal,0.6512
AFIB,Normal,0.6271
AFIB,Normal,0.6059
AFIB,Normal,0.6022
AFIB,Normal,0.6283
AFIB,Normal,0.6422
AFIB,Normal,0.6638
AFIB,Normal,0.6056
AFIB,Normal,0.5876
AFIB,Normal,0.5164
AFIB,Normal,0.6357
AFIB,Normal,0.6158
AFIB,Normal,0.6357
AFIB,Normal,0.6249
AFIB,Normal,0.6165
AFIB,Normal,0.6279
AFIB,Normal,0.6419
AFIB,Normal,0.6569
AFIB,Normal,0.6382
AFIB,Normal,0.6334
AFIB,Normal,0.6149
AFIB,Normal,0.588
AFIB,Normal,0.6679
AFIB,Normal,0.6488
AFIB,Normal,0.6302
AFIB,Normal,0.6182
AFIB,Normal,0.5756
AFIB,Normal,0.5759
AFIB,Normal,0.6327
AFIB,Normal,0.6746
AFIB,Normal,0.656
AFIB,Normal,0.6326
AFIB,Normal,0.6385
AFIB,Normal,0.6333
AFIB,Normal,0.6488
AFIB,Normal,0.6164
AFIB,Normal,0.6502
AFIB,Normal,0.6516
AFIB,Normal,0.6358
AFIB,Normal,0.6254
AFIB,Normal,0.6372
AFIB,Normal,0.5979
AFIB,Normal,0.5861
AFIB,Normal,0.6454
AFIB,Normal,0.6221
AFIB,Normal,0.6465
AFIB,Normal,0.6647
AFIB,Normal,0.6034
AFIB,Normal,0.5671
AFIB,Normal,0.6477
AFIB,Normal,0.6474
AFIB,Normal,0.629
AFIB,Normal,0.6332
AFIB,Normal,0.6474
AFIB,Normal,0.6414
AFIB,Normal,0.6359
AFIB,Normal,0.6101
AFIB,Normal,0.6154
AFIB,Normal,0.6589
AFIB,Normal,0.6643
AFIB,Normal,0.6506
AFIB,Normal,0.6443
AFIB,Normal,0.6655
AFIB,Normal,0.6573
AFIB,Normal,0.6493
AFIB,Normal,0.6516
AFIB,Normal,0.6424
AFIB,Normal,0.6111
AFIB,Normal,0.576
AFIB,Normal,0.6037
AFIB,Normal,0.6836
AFIB,Normal,0.6568
AFIB,Normal,0.6453
AFIB,Normal,0.6482
AFIB,Normal,0.6496
AFIB,Normal,0.6409
AFIB,Normal,0.6352
AFIB,Normal,0.6483
AFIB,Normal,0.6649
AFIB,Normal,0.6505
AFIB,Normal,0.6225
AFIB,Normal,0.5617
AFIB,Normal,0.641
AFIB,Normal,0.6533
AFIB,Normal,0.6492
AFIB,Normal,0.6514
AFIB,Normal,0.646
AFIB,Normal,0.6421
AFIB,Normal,0.6397
AFIB,Normal,0.6383
AFIB,Normal,0.6319
AFIB,Normal,0.6506
AFIB,Normal,0.644
AFIB,Normal,0.6179
AFIB,Normal,0.6227
AFIB,Normal,0.6369
AFIB,Normal,0.6485
AFIB,Normal,0.6063
AFIB,Normal,0.6339
AFIB,Normal,0.5845
AFIB,Normal,0.553
AFIB,Normal,0.6046
AFIB,Normal,0.6377
AFIB,Normal,0.6582
AFIB,Normal,0.6112
AFIB,Normal,0.618
AFIB,Normal,0.6314
AFIB,Normal,0.5908
AFIB,Normal,0.6138
AFIB,Normal,0.5755
AFIB,Normal,0.5773
AFIB,Normal,0.613
AFIB,Normal,0.6144
AFIB,Normal,0.6369
AFIB,Normal,0.6549
AFIB,Normal,0.6619
AFIB,Normal,0.6264
AFIB,Normal,0.5614
AFIB,Normal,0.6587
AFIB,Normal,0.6498
AFIB,Normal,0.6358
AFIB,Normal,0.6281
AFIB,Normal,0.6286
AFIB,Normal,0.6347
AFIB,Normal,0.6374
AFIB,Normal,0.6529
AFIB,Normal,0.6432
AFIB,Normal,0.6269
AFIB,Normal,0.5887
AFIB,Normal,0.5532
AFIB,Normal,0.6355
AFIB,Normal,0.6501
AFIB,Normal,0.6532
AFIB,Normal,0.6419
AFIB,Normal,0.6392
AFIB,Normal,0.6309
AFIB,Normal,0.6409
AFIB,Normal,0.659
AFIB,Normal,0.6277
AFIB,Normal,0.6084
AFIB,Normal,0.645
AFIB,Normal,0.6523
AFIB,Normal,0.6596
AFIB,Normal,0.6217
AFIB,Normal,0.6549
AFIB,Normal,0.6465
AFIB,Normal,0.6308
AFIB,Normal,0.6222
AFIB,Normal,0.6346
AFIB,Normal,0.6419
AFIB,Normal,0.6362
AFIB,Normal,0.6553
AFIB,Normal,0.6328
AFIB,Normal,0.6164
AFIB,Normal,0.6515
AFIB,Normal,0.6353
AFIB,Normal,0.6537
AFIB,Normal,0.6398
AFIB,Normal,0.6417
AFIB,Normal,0.5985
AFIB,Normal,0.6084
AFIB,Normal,0.6416
AFIB,Normal,0.6614
AFIB,Normal,0.671
AFIB,Normal,0.6485
AFIB,Normal,0.6408
AFIB,Normal,0.6524
AFIB,Normal,0.6489
AFIB,Normal,0.6197
AFIB,Normal,0.6301
AFIB,Normal,0.6223
AFIB,Normal,0.6393
AFIB,Normal,0.6373
AFIB,Normal,0.559
AFIB,Normal,0.5687
AFIB,Normal,0.6163
AFIB,Normal,0.5932
AFIB,Normal,0.6308
AFIB,Normal,0.6669
AFIB,Normal,0.6422
AFIB,Normal,0.6275
AFIB,Normal,0.6212
AFIB,Normal,0.6185
AFIB,Normal,0.6277
AFIB,Normal,0.6319
AFIB,Normal,0.6538
AFIB,Normal,0.6521
AFIB,Normal,0.641
AFIB,Normal,0.6183
AFIB,Normal,0.5841
AFIB,Normal,0.6369
AFIB,Normal,0.6421
AFIB,Normal,0.6363
AFIB,Normal,0.634
AFIB,Normal,0.6429
AFIB,Normal,0.6475
AFIB,Normal,0.6438
AFIB,Normal,0.6531
AFIB,Normal,0.6097
AFIB,Normal,0.6085
AFIB,Normal,0.5978
AFIB,Normal,0.5862
AFIB,Normal,0.6024
AFIB,Normal,0.6095
AFIB,Normal,0.6736
AFIB,Normal,0.6718
AFIB,Normal,0.6562
AFIB,Normal,0.645
AFIB,Normal,0.6355
AFIB,Normal,0.6463
AFIB,Normal,0.6501
AFIB,Normal,0.6394
AFIB,Normal,0.6084
AFIB,Normal,0.5673
AFIB,Normal,0.6378
AFIB,Normal,0.6331
AFIB,Normal,0.5863
AFIB,Normal,0.6032
AFIB,Normal,0.6533
AFIB,Normal,0.6421
AFIB,Normal,0.6326
AFIB,Normal,0.6341
AFIB,Normal,0.6256
AFIB,Normal,0.6412
AFIB,Normal,0.6364
AFIB,Normal,0.6049
AFIB,Normal,0.6006
AFIB,Normal,0.6125
AFIB,Normal,0.6098
AFIB,Normal,0.6374
AFIB,Normal,0.6393
AFIB,Normal,0.6188
AFIB,Normal,0.613
AFIB,Normal,0.6096
AFIB,Normal,0.6247
AFIB,Normal,0.641
AFIB,Normal,0.5949
AFIB,Normal,0.6068
AFIB,Normal,0.632
AFIB,Normal,0.6263
AFIB,Normal,0.6591
AFIB,Normal,0.6196
AFIB,Normal,0.6111
AFIB,Normal,0.5891
AFIB,Normal,0.5774
AFIB,Normal,0.6454
AFIB,Normal,0.6562
AFIB,Normal,0.6685
AFIB,Normal,0.6237
AFIB,Normal,0.5966
AFIB,Normal,0.6263
AFIB,Normal,0.6463
AFIB,Normal,0.6577
AFIB,Normal,0.6487
AFIB,Normal,0.6454
AFIB,Normal,0.6426
AFIB,Normal,0.6346
AFIB,Normal,0.6583
AFIB,Normal,0.6586
AFIB,Normal,0.6528
AFIB,Normal,0.6175
AFIB,Normal,0.5647
AFIB,Normal,0.6355
AFIB,Normal,0.6561
AFIB,Normal,0.6582
AFIB,Normal,0.6576
AFIB,Normal,0.6344
AFIB,Normal,0.6233
AFIB,Normal,0.6525
AFIB,Normal,0.6591
AFIB,Normal,0.6322
AFIB,Normal,0.568
AFIB,Normal,0.5344
AFIB,Normal,0.5223
AFIB,Normal,0.6354
AFIB,Normal,0.6107
AFIB,Normal,0.6507
AFIB,Normal,0.6536
AFIB,Normal,0.6452
AFIB,Normal,0.6584
AFIB,Normal,0.6578
AFIB,Normal,0.637
AFIB,Normal,0.6443
AFIB,Normal,0.6471
AFIB,Normal,0.6133
AFIB,Normal,0.5635
AFIB,Normal,0.631
AFIB,Normal,0.6505
AFIB,Normal,0.568
AFIB,Normal,0.5474
AFIB,Normal,0.5895
AFIB,Normal,0.589
AFIB,Normal,0.6246
AFIB,Normal,0.6328
AFIB,Normal,0.6173
AFIB,Normal,0.6366
AFIB,Normal,0.6273
AFIB,Normal,0.6307
AFIB,Normal,0.6573
AFIB,Normal,0.6304
AFIB,Normal,0.6381
AFIB,Normal,0.6529
AFIB,Normal,0.6376
AFIB,Normal,0.6307
AFIB,Normal,0.6269
AFIB,Normal,0.5975
AFIB,Normal,0.5663
AFIB,Normal,0.6353
AFIB,Normal,0.6267
AFIB,Normal,0.5974
AFIB,Normal,0.6207
AFIB,Normal,0.6321
AFIB,Normal,0.6022
AFIB,Normal,0.6097
AFIB,Normal,0.6458
AFIB,Normal,0.6371
AFIB,Normal,0.6556
AFIB,Normal,0.6469
AFIB,Normal,0.6231
AFIB,Normal,0.6273
AFIB,Normal,0.619
AFIB,Normal,0.6143
AFIB,Normal,0.6888
AFIB,Normal,0.6799
AFIB,Normal,0.6366
AFIB,Normal,0.6325
AFIB,Normal,0.6396
AFIB,Normal,0.6354
AFIB,Normal,0.6466
AFIB,Normal,0.6441
AFIB,Normal,0.6422
AFIB,Normal,0.6241
AFIB,Normal,0.5868
AFIB,Normal,0.5464
AFIB,Normal,0.6064
AFIB,Normal,0.6003
AFIB,Normal,0.6179
AFIB,Normal,0.6302
AFIB,Normal,0.6267
AFIB,Normal,0.6557
AFIB,Normal,0.6493
AFIB,Normal,0.6365
AFIB,Normal,0.6534
AFIB,Normal,0.6521
AFIB,Normal,0.5966
AFIB,Normal,0.5859
AFIB,Normal,0.6542
AFIB,Normal,0.6615
AFIB,Normal,0.6453
AFIB,Normal,0.6065
AFIB,Normal,0.5942
AFIB,Normal,0.6284
AFIB,Normal,0.6491
AFIB,Normal,0.642
AFIB,Normal,0.6353
AFIB,Normal,0.6459
AFIB,Normal,0.5981
AFIB,Normal,0.5995
AFIB,Normal,0.6207
AFIB,Normal,0.6206
AFIB,Normal,0.6315
AFIB,Normal,0.6163
AFIB,Normal,0.5962
AFIB,Normal,0.5816
AFIB,Normal,0.602
AFIB,Normal,0.5748
AFIB,Normal,0.6275
AFIB,Normal,0.6463
AFIB,Normal,0.6304
AFIB,Normal,0.6074
AFIB,Normal,0.6414
AFIB,Normal,0.6439
AFIB,Normal,0.6185
AFIB,Normal,0.5857
AFIB,Normal,0.5491
AFIB,Normal,0.5914
AFIB,Normal,0.6416
AFIB,Normal,0.6446
AFIB,Normal,0.6545
AFIB,Normal,0.6469
AFIB,Normal,0.6082
AFIB,Normal,0.5473
AFIB,Normal,0.6253
AFIB,Normal,0.6315
AFIB,Normal,0.6153
AFIB,Normal,0.629
AFIB,Normal,0.6308
AFIB,Normal,0.6346
AFIB,Normal,0.6401
AFIB,Normal,0.6461
AFIB,Normal,0.6464
AFIB,Normal,0.652
AFIB,Normal,0.6208
AFIB,Normal,0.5494
AFIB,Normal,0.6418
AFIB,Normal,0.6444
AFIB,Normal,0.6405
AFIB,Normal,0.6324
AFIB,Normal,0.6451
AFIB,Normal,0.6722
AFIB,Normal,0.6508
AFIB,Normal,0.6388
AFIB,Normal,0.621
AFIB,Normal,0.6286
AFIB,Normal,0.6175
AFIB,Normal,0.5657
AFIB,Normal,0.6427
AFIB,Normal,0.6414
AFIB,Normal,0.6737
AFIB,Normal,0.6256
AFIB,Normal,0.6286
AFIB,Normal,0.6482
AFIB,Normal,0.6466
AFIB,Normal,0.6503
AFIB,Normal,0.6464
AFIB,Normal,0.6512
AFIB,Normal,0.6201
AFIB,Normal,0.5876
AFIB,Normal,0.6167
AFIB,Normal,0.6338
AFIB,Normal,0.6247
AFIB,Normal,0.6388
AFIB,Normal,0.6273
AFIB,Normal,0.6193
AFIB,Normal,0.6308
AFIB,Normal,0.6295
AFIB,Normal,0.6315
AFIB,Normal,0.612
AFIB,Normal,0.6124
AFIB,Normal,0.6336
AFIB,Normal,0.6238
AFIB,Normal,0.5977
AFIB,Normal,0.6366
AFIB,Normal,0.6244
AFIB,Normal,0.6306
AFIB,Normal,0.6506
AFIB,Normal,0.6217
AFIB,Normal,0.5626
AFIB,Normal,0.5808
AFIB,Normal,0.6481
AFIB,Normal,0.6328
AFIB,Normal,0.5779
AFIB,Normal,0.6216
AFIB,Normal,0.6284
AFIB,Normal,0.6284
AFIB,Normal,0.653
AFIB,Normal,0.6517
AFIB,Normal,0.6466
AFIB,Normal,0.6264
AFIB,Normal,0.6399
AFIB,Normal,0.6596
AFIB,Normal,0.6318
AFIB,Normal,0.5949
AFIB,Normal,0.5893
AFIB,Normal,0.6485
AFIB,Normal,0.6394
AFIB,Normal,0.6318
AFIB,Normal,0.6285
AFIB,Normal,0.6308
AFIB,Normal,0.6302
AFIB,Normal,0.6323
AFIB,Normal,0.6544
AFIB,Normal,0.6606
AFIB,Normal,0.5991
AFIB,Normal,0.5848
AFIB,Normal,0.6223
AFIB,Normal,0.6197
AFIB,Normal,0.5667
AFIB,Normal,0.6307
AFIB,Normal,0.6301
AFIB,Normal,0.6728
AFIB,Normal,0.6781
AFIB,Normal,0.6698
AFIB,Normal,0.649
AFIB,Normal,0.6421
AFIB,Normal,0.6422
AFIB,Normal,0.6158
AFIB,Normal,0.5715
AFIB,Normal,0.6357
AFIB,Normal,0.6735
AFIB,Normal,0.6524
AFIB,Normal,0.6376
AFIB,Normal,0.613
AFIB,Normal,0.628
AFIB,Normal,0.6437
AFIB,Normal,0.6384
AFIB,Normal,0.6473
AFIB,Normal,0.6468
AFIB,Normal,0.6373
AFIB,Normal,0.5824
AFIB,Normal,0.632
AFIB,Normal,0.6384
AFIB,Normal,0.6417
AFIB,Normal,0.6458
AFIB,Normal,0.5889
AFIB,Normal,0.5942
AFIB,Normal,0.6076
AFIB,Normal,0.6225
AFIB,Normal,0.6335
AFIB,Normal,0.6418
AFIB,Normal,0.6216
AFIB,Normal,0.6086
AFIB,Normal,0.6317
AFIB,Normal,0.575
AFIB,Normal,0.58
AFIB,Normal,0.5798
AFIB,Normal,0.5773
AFIB,Normal,0.6035
AFIB,Normal,0.6025
AFIB,Normal,0.6417
AFIB,Normal,0.6365
AFIB,Normal,0.6439
AFIB,Normal,0.6409
AFIB,Normal,0.5915
AFIB,Normal,0.6114
AFIB,Normal,0.6408
AFIB,Normal,0.631
AFIB,Normal,0.631
AFIB,Normal,0.6489
AFIB,Normal,0.641
AFIB,Normal,0.6472
AFIB,Normal,0.6521
AFIB,Normal,0.6414
AFIB,Normal,0.6167
AFIB,Normal,0.5921
AFIB,Normal,0.5616
AFIB,Normal,0.6144
AFIB,Normal,0.6341
AFIB,Normal,0.6385
AFIB,Normal,0.6482
AFIB,Normal,0.6278
AFIB,Normal,0.626
AFIB,Normal,0.631
AFIB,Normal,0.6178
AFIB,Normal,0.6435
AFIB,Normal,0.5968
AFIB,Normal,0.5698
AFIB,Normal,0.5742
AFIB,Normal,0.6446
AFIB,Normal,0.6534
AFIB,Normal,0.6508
AFIB,Normal,0.6428
AFIB,Normal,0.6114
AFIB,Normal,0.5969
AFIB,Normal,0.6263
AFIB,Normal,0.649
AFIB,Normal,0.637
AFIB,Normal,0.634
AFIB,Normal,0.6087
AFIB,Normal,0.5329
AFIB,Normal,0.6257
AFIB,Normal,0.6441
AFIB,Normal,0.5633
AFIB,Normal,0.539
AFIB,Normal,0.5758
AFIB,Normal,0.6425
AFIB,Normal,0.6048
AFIB,Normal,0.6227
AFIB,Normal,0.6213
AFIB,Normal,0.6373
AFIB,Normal,0.6217
AFIB,Normal,0.6149
AFIB,Normal,0.6094
AFIB,Normal,0.6055
AFIB,Normal,0.6449
AFIB,Normal,0.6433
AFIB,Normal,0.6489
AFIB,Normal,0.6241
AFIB,Normal,0.5821
AFIB,Normal,0.5949
AFIB,Normal,0.6305
AFIB,Normal,0.6563
AFIB,Normal,0.6262
AFIB,Normal,0.598
AFIB,Normal,0.6437
AFIB,Normal,0.6395
AFIB,Normal,0.6316
AFIB,Normal,0.6291
AFIB,Normal,0.6166
AFIB,Normal,0.6222
AFIB,Normal,0.6504
AFIB,Normal,0.6478
AFIB,Normal,0.6463
AFIB,Normal,0.6512
AFIB,Normal,0.6116
AFIB,Normal,0.5892
AFIB,Normal,0.6555
AFIB,Normal,0.6518
AFIB,Normal,0.6323
AFIB,Normal,0.6413
AFIB,Normal,0.6396
AFIB,Normal,0.6549
AFIB,Normal,0.6637
AFIB,Normal,0.6519
AFIB,Normal,0.6436
AFIB,Normal,0.6095
AFIB,Normal,0.5531
AFIB,Normal,0.5525
AFIB,Normal,0.6799
AFIB,Normal,0.6278
AFIB,Normal,0.6333
AFIB,Normal,0.6237
AFIB,Normal,0.6115
AFIB,Normal,0.6482
AFIB,Normal,0.6464
AFIB,Normal,0.6405
AFIB,Normal,0.6494
AFIB,Normal,0.6413
AFIB,Normal,0.576
AFIB,Normal,0.5601
AFIB,Normal,0.6349
AFIB,Normal,0.6471
AFIB,Normal,0.6458
AFIB,Normal,0.608
AFIB,Normal,0.5805
AFIB,Normal,0.6287
AFIB,Normal,0.6291
AFIB,Normal,0.6385
AFIB,Normal,0.6448
AFIB,Normal,0.649
AFIB,Normal,0.6535
AFIB,Normal,0.6167
AFIB,Normal,0.6155
AFIB,Normal,0.6348
AFIB,Normal,0.6091
AFIB,Normal,0.6059
AFIB,Normal,0.6207
AFIB,Normal,0.6049
AFIB,Normal,0.5627
AFIB,Normal,0.5708
AFIB,Normal,0.63
AFIB,Normal,0.6241
AFIB,Normal,0.6126
AFIB,Normal,0.6209
AFIB,Normal,0.6165
AFIB,Normal,0.5828
AFIB,Normal,0.5566
AFIB,Normal,0.6327
AFIB,Normal,0.6275
AFIB,Normal,0.6376
AFIB,Normal,0.6485
AFIB,Normal,0.6413
AFIB,Normal,0.6426
AFIB,Normal,0.6464
AFIB,Normal,0.5861
AFIB,Normal,0.5424
AFIB,Normal,0.625
AFIB,Normal,0.637
AFIB,Normal,0.6423
AFIB,Normal,0.6451
AFIB,Normal,0.6061
AFIB,Normal,0.6212
AFIB,Normal,0.6447
AFIB,Normal,0.6613
AFIB,Normal,0.6552
AFIB,Normal,0.6249
AFIB,Normal,0.5524
AFIB,Normal,0.5437
AFIB,Normal,0.6327
AFIB,Normal,0.6143
AFIB,Normal,0.6375
AFIB,Normal,0.6356
AFIB,Normal,0.6413
AFIB,Normal,0.6424
AFIB,Normal,0.648
AFIB,Normal,0.6546
AFIB,Normal,0.6465
AFIB,Normal,0.6187
AFIB,Normal,0.6064
AFIB,Normal,0.6056
AFIB,Normal,0.6225
AFIB,Normal,0.6353
AFIB,Normal,0.6269
AFIB,Normal,0.6537
AFIB,Normal,0.6573
AFIB,Normal,0.6236
AFIB,Normal,0.6427
AFIB,Normal,0.6501
AFIB,Normal,0.6482
AFIB,Normal,0.6513
AFIB,Normal,0.6203
AFIB,Normal,0.5832
AFIB,Normal,0.5955
AFIB,Normal,0.625
AFIB,Normal,0.627
AFIB,Normal,0.5994
AFIB,Normal,0.6032
AFIB,Normal,0.6148
AFIB,Normal,0.6134
AFIB,Normal,0.6069
AFIB,Normal,0.6272
AFIB,Normal,0.6209
AFIB,Normal,0.6122
AFIB,Normal,0.6133
AFIB,Normal,0.6103
AFIB,Normal,0.5943
AFIB,Normal,0.6163
AFIB,Normal,0.6535
AFIB,Normal,0.6521
AFIB,Normal,0.6198
AFIB,Normal,0.5731
AFIB,Normal,0.566
AFIB,Normal,0.6423
AFIB,Normal,0.6523
AFIB,Normal,0.6421
AFIB,Normal,0.6034
AFIB,Normal,0.6406
AFIB,Normal,0.654
AFIB,Normal,0.6495
AFIB,Normal,0.6411
AFIB,Normal,0.6483
AFIB,Normal,0.6551
AFIB,Normal,0.6354
AFIB,Normal,0.6469
AFIB,Normal,0.6418
AFIB,Normal,0.6362
AFIB,Normal,0.5795
AFIB,Normal,0.5763
AFIB,Normal,0.6076
AFIB,Normal,0.6369
AFIB,Normal,0.6444
AFIB,Normal,0.628
AFIB,Normal,0.6185
AFIB,Normal,0.6427
AFIB,Normal,0.6402
AFIB,Normal,0.6316
AFIB,Normal,0.6221
AFIB,Normal,0.6186
AFIB,Normal,0.5973
AFIB,Normal,0.5635
AFIB,Normal,0.6196
AFIB,Normal,0.6382
AFIB,Normal,0.6558
AFIB,Normal,0.6512
AFIB,Normal,0.6432
AFIB,Normal,0.6274
AFIB,Normal,0.6302
AFIB,Normal,0.6305
AFIB,Normal,0.6346
AFIB,Normal,0.6236
AFIB,Normal,0.592
AFIB,Normal,0.6165
AFIB,Normal,0.6548
AFIB,Normal,0.6375
AFIB,Normal,0.5964
AFIB,Normal,0.5841
AFIB,Normal,0.6262
AFIB,Normal,0.6448
AFIB,Normal,0.6619
AFIB,Normal,0.6389
AFIB,Normal,0.6233
AFIB,Normal,0.6243
AFIB,Normal,0.6072
AFIB,Normal,0.612
AFIB,Normal,0.6298
AFIB,Normal,0.6184
AFIB,Normal,0.6267
AFIB,Normal,0.6254
AFIB,Normal,0.6274
AFIB,Normal,0.6096
AFIB,Normal,0.543
AFIB,Normal,0.5756
AFIB,Normal,0.6216
AFIB,Normal,0.6153
AFIB,Normal,0.5986
AFIB,Normal,0.6052
AFIB,Normal,0.657
AFIB,Normal,0.6035
AFIB,Normal,0.5784
AFIB,Normal,0.6515
AFIB,Normal,0.6411
AFIB,Normal,0.638
AFIB,Normal,0.6242
AFIB,Normal,0.6403
AFIB,Normal,0.6426
AFIB,Normal,0.6524
AFIB,Normal,0.5977
AFIB,Normal,0.5425
AFIB,Normal,0.615
AFIB,Normal,0.6462
AFIB,Normal,0.6346
AFIB,Normal,0.6429
AFIB,Normal,0.6583
AFIB,Normal,0.6485
AFIB,Normal,0.6291
AFIB,Normal,0.6368
AFIB,Normal,0.6454
AFIB,Normal,0.652
AFIB,Normal,0.6147
AFIB,Normal,0.5698
AFIB,Normal,0.6097
AFIB,Normal,0.6458
AFIB,Normal,0.6408
AFIB,Normal,0.6335
AFIB,Normal,0.6317
AFIB,Normal,0.6551
AFIB,Normal,0.6615
AFIB,Normal,0.6431
AFIB,Normal,0.6243
AFIB,Normal,0.6381
AFIB,Normal,0.6207
AFIB,Normal,0.569
AFIB,Normal,0.6102
AFIB,Normal,0.6165
AFIB,Normal,0.6059
AFIB,Normal,0.6176
AFIB,Normal,0.6319
AFIB,Normal,0.6416
AFIB,Normal,0.6275
AFIB,Normal,0.6301
AFIB,Normal,0.6401
AFIB,Normal,0.6347
AFIB,Normal,0.6251
AFIB,Normal,0.6089
AFIB,Normal,0.6383
AFIB,Normal,0.6448
AFIB,Normal,0.6248
AFIB,Normal,0.5988
AFIB,Normal,0.6002
AFIB,Normal,0.625
AFIB,Normal,0.6124
AFIB,Normal,0.6241
AFIB,Normal,0.636
AFIB,Normal,0.6343
AFIB,Normal,0.6175
AFIB,Normal,0.6618
AFIB,Normal,0.6662
AFIB,Normal,0.6265
AFIB,Normal,0.6377
AFIB,Normal,0.5853
AFIB,Normal,0.5899
AFIB,Normal,0.5677
AFIB,Normal,0.5616
AFIB,Normal,0.5947
AFIB,Normal,0.6476
AFIB,Normal,0.6663
AFIB,Normal,0.6532
AFIB,Normal,0.5924
AFIB,Normal,0.6142
AFIB,Normal,0.6582
AFIB,Normal,0.6611
AFIB,Normal,0.619
AFIB,Normal,0.6233
AFIB,Normal,0.649
AFIB,Normal,0.6634
AFIB,Normal,0.6512
AFIB,Normal,0.6414
AFIB,Normal,0.6409
AFIB,Normal,0.5957
AFIB,Normal,0.555
AFIB,Normal,0.6478
AFIB,Normal,0.6436
AFIB,Normal,0.6321
AFIB,Normal,0.6466
AFIB,Normal,0.6414
AFIB,Normal,0.6435
AFIB,Normal,0.6397
AFIB,Normal,0.6563
AFIB,Normal,0.6614
AFIB,Normal,0.6097
AFIB,Normal,0.5776
AFIB,Normal,0.5581
AFIB,Normal,0.6213
AFIB,Normal,0.6324
AFIB,Normal,0.6405
AFIB,Normal,0.626
AFIB,Normal,0.6406
AFIB,Normal,0.6429
AFIB,Normal,0.6501
AFIB,Normal,0.6517
AFIB,Normal,0.6232
AFIB,Normal,0.6395
AFIB,Normal,0.5991
AFIB,Normal,0.5823
AFIB,Normal,0.6225
AFIB,Normal,0.5927
AFIB,Normal,0.5812
AFIB,Normal,0.6629
AFIB,Normal,0.6628
AFIB,Normal,0.6429
AFIB,Normal,0.6431
AFIB,Normal,0.6426
AFIB,Normal,0.6203
AFIB,Normal,0.6381
AFIB,Normal,0.5831
AFIB,Normal,0.5649
AFIB,Normal,0.6387
AFIB,Normal,0.6381
AFIB,Normal,0.6293
AFIB,Normal,0.6259
AFIB,Normal,0.633
AFIB,Normal,0.6194
AFIB,Normal,0.5748
AFIB,Normal,0.5749
AFIB,Normal,0.6367
AFIB,Normal,0.6283
AFIB,Normal,0.6196
AFIB,Normal,0.638
AFIB,Normal,0.6394
AFIB,Normal,0.6252
AFIB,Normal,0.6328
AFIB,Normal,0.6357
AFIB,Normal,0.6217
AFIB,Normal,0.6224
AFIB,Normal,0.6342
AFIB,Normal,0.6375
AFIB,Normal,0.6481
AFIB,Normal,0.644
AFIB,Normal,0.5849
AFIB,Normal,0.5681
AFIB,Normal,0.6446
AFIB,Normal,0.6384
AFIB,Normal,0.6173
AFIB,Normal,0.65
AFIB,Normal,0.6606
AFIB,Normal,0.6464
AFIB,Normal,0.6305
AFIB,Normal,0.6503
AFIB,Normal,0.6636
AFIB,Normal,0.6075
AFIB,Normal,0.5533
AFIB,Normal,0.5671
AFIB,Normal,0.6251
AFIB,Normal,0.5915
AFIB,Normal,0.6396
AFIB,Normal,0.6229
AFIB,Normal,0.6329
AFIB,Normal,0.6199
AFIB,Normal,0.6187
AFIB,Normal,0.627
AFIB,Normal,0.633
AFIB,Normal,0.6615
AFIB,Normal,0.6394
AFIB,Normal,0.6108
AFIB,Normal,0.6445
AFIB,Normal,0.657
AFIB,Normal,0.6408
AFIB,Normal,0.5641
AFIB,Normal,0.5566
AFIB,Normal,0.6108
AFIB,Normal,0.6511
AFIB,Normal,0.6438
AFIB,Normal,0.6372
AFIB,Normal,0.6373
AFIB,Normal,0.6238
AFIB,Normal,0.5996
AFIB,Normal,0.6368
AFIB,Normal,0.6208
AFIB,Normal,0.6177
AFIB,Normal,0.6344
AFIB,Normal,0.6216
AFIB,Normal,0.6057
AFIB,Normal,0.5786
AFIB,Normal,0.5938
AFIB,Normal,0.621
AFIB,Normal,0.6441
AFIB,Normal,0.6266
AFIB,Normal,0.6084
AFIB,Normal,0.6253
AFIB,Normal,0.5934
AFIB,Normal,0.6227
AFIB,Normal,0.6392
AFIB,Normal,0.5531
AFIB,Normal,0.558
AFIB,Normal,0.5915
AFIB,Normal,0.6425
AFIB,Normal,0.6441
AFIB,Normal,0.6419
AFIB,Normal,0.6117
AFIB,Normal,0.5761
AFIB,Normal,0.6189
AFIB,Normal,0.6315
AFIB,Normal,0.6467
AFIB,Normal,0.6335
AFIB,Normal,0.629
AFIB,Normal,0.6491
AFIB,Normal,0.6174
AFIB,Normal,0.638
AFIB,Normal,0.6468
AFIB,Normal,0.6359
AFIB,Normal,0.6214
AFIB,Normal,0.5906
AFIB,Normal,0.6272
AFIB,Normal,0.6304
AFIB,Normal,0.6242
AFIB,Normal,0.6154
AFIB,Normal,0.6424
AFIB,Normal,0.6471
AFIB,Normal,0.6411
AFIB,Normal,0.6393
AFIB,Normal,0.6604
AFIB,Normal,0.6044
AFIB,Normal,0.5499
AFIB,Normal,0.5453
AFIB,Normal,0.619
AFIB,Normal,0.605
AFIB,Normal,0.606
AFIB,Normal,0.6308
AFIB,Normal,0.6255
AFIB,Normal,0.6284
AFIB,Normal,0.646
AFIB,Normal,0.6376
AFIB,Normal,0.6378
AFIB,Normal,0.6304
AFIB,Normal,0.5963
AFIB,Normal,0.5986
AFIB,Normal,0.6218
AFIB,Normal,0.6413
AFIB,Normal,0.5644
AFIB,Normal,0.551
AFIB,Normal,0.6189
AFIB,Normal,0.6259
AFIB,Normal,0.6338
AFIB,Normal,0.6321
AFIB,Normal,0.6318
AFIB,Normal,0.627
AFIB,Normal,0.5949
AFIB,Normal,0.5945
AFIB,Normal,0.6026
AFIB,Normal,0.5809
AFIB,Normal,0.5922
AFIB,Normal,0.6143
AFIB,Normal,0.6502
AFIB,Normal,0.6429
AFIB,Normal,0.6073
AFIB,Normal,0.5656
AFIB,Normal,0.5593
AFIB,Normal,0.665
AFIB,Normal,0.5843
AFIB,Normal,0.57
AFIB,Normal,0.6471
AFIB,Normal,0.6177
AFIB,Normal,0.6329
AFIB,Normal,0.6667
AFIB,Normal,0.6475
AFIB,Normal,0.6274
AFIB,Normal,0.6487
AFIB,Normal,0.6329
AFIB,Normal,0.6127
AFIB,Normal,0.633
AFIB,Normal,0.6184
AFIB,Normal,0.5997
AFIB,Normal,0.6398
AFIB,Normal,0.6221
AFIB,Normal,0.6221
AFIB,Normal,0.6348
AFIB,Normal,0.6616
AFIB,Normal,0.652
AFIB,Normal,0.6515
AFIB,Normal,0.6488
AFIB,Normal,0.667
AFIB,Normal,0.6513
AFIB,Normal,0.5839
AFIB,Normal,0.5634
AFIB,Normal,0.6304
AFIB,Normal,0.5884
AFIB,Normal,0.6173
AFIB,Normal,0.618
AFIB,Normal,0.6134
AFIB,Normal,0.6217
AFIB,Normal,0.6366
AFIB,Normal,0.645
AFIB,Normal,0.6544
AFIB,Normal,0.6444
AFIB,Normal,0.6289
AFIB,Normal,0.6075
AFIB,Normal,0.5997
AFIB,Normal,0.6331
AFIB,Normal,0.6336
AFIB,Normal,0.6335
AFIB,Normal,0.6382
AFIB,Normal,0.6477
AFIB,Normal,0.6317
AFIB,Normal,0.614
AFIB,Normal,0.6321
AFIB,Normal,0.6475
AFIB,Normal,0.5919
AFIB,Normal,0.614
AFIB,Normal,0.657
AFIB,Normal,0.6258
AFIB,Normal,0.6327
AFIB,Normal,0.6111
AFIB,Normal,0.6267
AFIB,Normal,0.6463
AFIB,Normal,0.5552
AFIB,Normal,0.5472
AFIB,Normal,0.5986
AFIB,Normal,0.6277
AFIB,Normal,0.5813
AFIB,Normal,0.5632
AFIB,Normal,0.6155
AFIB,Normal,0.6088
AFIB,Normal,0.6453
AFIB,Normal,0.5568
AFIB,Normal,0.5504
AFIB,Normal,0.6403
AFIB,Normal,0.6356
AFIB,Normal,0.6238
AFIB,Normal,0.6522
AFIB,Normal,0.6551
AFIB,Normal,0.6022
AFIB,Normal,0.5691
AFIB,Normal,0.6236
AFIB,Normal,0.6653
AFIB,Normal,0.6503
AFIB,Normal,0.6229
AFIB,Normal,0.6247
AFIB,Normal,0.6403
AFIB,Normal,0.6612
AFIB,Normal,0.6314
AFIB,Normal,0.6282
AFIB,Normal,0.6302
AFIB,Normal,0.6061
AFIB,Normal,0.5714
AFIB,Normal,0.6657
AFIB,Normal,0.6458
AFIB,Normal,0.6434
AFIB,Normal,0.6483
AFIB,Normal,0.634
AFIB,Normal,0.6209
AFIB,Normal,0.6488
AFIB,Normal,0.6372
AFIB,Normal,0.6385
AFIB,Normal,0.6111
AFIB,Normal,0.5798
AFIB,Normal,0.537
AFIB,Normal,0.621
AFIB,Normal,0.5813
AFIB,Normal,0.607
AFIB,Normal,0.6107
AFIB,Normal,0.6155
AFIB,Normal,0.6181
AFIB,Normal,0.6078
AFIB,Normal,0.6362
AFIB,Normal,0.626
AFIB,Normal,0.6289
AFIB,Normal,0.6093
AFIB,Normal,0.5445
AFIB,Normal,0.6084
AFIB,Normal,0.6334
AFIB,Normal,0.6308
AFIB,Normal,0.5575
AFIB,Normal,0.5555
AFIB,Normal,0.6292
AFIB,Normal,0.6262
AFIB,Normal,0.6516
AFIB,Normal,0.6331
AFIB,Normal,0.6349
AFIB,Normal,0.6026
AFIB,Normal,0.5982
AFIB,Normal,0.6233
AFIB,Normal,0.6193
AFIB,Normal,0.6001
AFIB,Normal,0.6109
AFIB,Normal,0.6092
AFIB,Normal,0.5562
AFIB,Normal,0.6108
AFIB,Normal,0.5934
AFIB,Normal,0.5981
AFIB,Normal,0.6292
AFIB,Normal,0.6096
AFIB,Normal,0.586
AFIB,Normal,0.6159
AFIB,Normal,0.646
AFIB,Normal,0.6161
AFIB,Normal,0.633
AFIB,Normal,0.6527
AFIB,Normal,0.6437
AFIB,Normal,0.6411
AFIB,Normal,0.6339
AFIB,Normal,0.6463
AFIB,Normal,0.6444
AFIB,Normal,0.5945
AFIB,Normal,0.5409
AFIB,Normal,0.627
AFIB,Normal,0.6258
AFIB,Normal,0.6439
AFIB,Normal,0.6551
AFIB,Normal,0.6415
AFIB,Normal,0.6508
AFIB,Normal,0.6321
AFIB,Normal,0.6523
AFIB,Normal,0.651
AFIB,Normal,0.5976
AFIB,Normal,0.5578
AFIB,Normal,0.5907
AFIB,Normal,0.6368
AFIB,Normal,0.6136
AFIB,Normal,0.6377
AFIB,Normal,0.6218
AFIB,Normal,0.6529
AFIB,Normal,0.6347
AFIB,Normal,0.6348
AFIB,Normal,0.6446
AFIB,Normal,0.625
AFIB,Normal,0.634
AFIB,Normal,0.5863
AFIB,Normal,0.5614
AFIB,Normal,0.6182
AFIB,Normal,0.6483
AFIB,Normal,0.6157
AFIB,Normal,0.6275
AFIB,Normal,0.6436
AFIB,Normal,0.6349
AFIB,Normal,0.64
AFIB,Normal,0.6379
AFIB,Normal,0.6414
AFIB,Normal,0.6354
AFIB,Normal,0.5886
AFIB,Normal,0.5798
AFIB,Normal,0.6393
AFIB,Normal,0.6503
AFIB,Normal,0.6165
AFIB,Normal,0.6393
AFIB,Normal,0.6292
AFIB,Normal,0.5936
AFIB,Normal,0.5846
AFIB,Normal,0.5468
AFIB,Normal,0.569
AFIB,Normal,0.6245
AFIB,Normal,0.6131
AFIB,Normal,0.6185
AFIB,Normal,0.6435
AFIB,Normal,0.6012
AFIB,Normal,0.5968
AFIB,Normal,0.5496
AFIB,Normal,0.5379
AFIB,Normal,0.6122
AFIB,Normal,0.6266
AFIB,Normal,0.6411
AFIB,Normal,0.6298
AFIB,Normal,0.6408
AFIB,Normal,0.6295
AFIB,Normal,0.5919
AFIB,Normal,0.6286
AFIB,Normal,0.6364
AFIB,Normal,0.6443
AFIB,Normal,0.646
AFIB,Normal,0.6405
AFIB,Normal,0.6386
AFIB,Normal,0.6403
AFIB,Normal,0.6376
AFIB,Normal,0.6307
AFIB,Normal,0.6243
AFIB,Normal,0.5879
AFIB,Normal,0.6062
AFIB,Normal,0.6401
AFIB,Normal,0.6122
AFIB,Normal,0.6356
AFIB,Normal,0.6173
AFIB,Normal,0.6212
AFIB,Normal,0.6177
AFIB,Normal,0.6119
AFIB,Normal,0.6294
AFIB,Normal,0.6485
AFIB,Normal,0.6403
AFIB,Normal,0.6207
AFIB,Normal,0.5486
AFIB,Normal,0.5994
AFIB,Normal,0.6522
AFIB,Normal,0.6328
AFIB,Normal,0.6229
AFIB,Normal,0.5635
AFIB,Normal,0.578
AFIB,Normal,0.6245
AFIB,Normal,0.6178
AFIB,Normal,0.6205
AFIB,Normal,0.6307
AFIB,Normal,0.6076
AFIB,Normal,0.5666
AFIB,Normal,0.6223
AFIB,Normal,0.6397
AFIB,Normal,0.6179
AFIB,Normal,0.6443
AFIB,Normal,0.53
AFIB,Normal,0.5441
AFIB,Normal,0.6042
AFIB,Normal,0.6104
AFIB,Normal,0.6295
AFIB,Normal,0.6111
AFIB,Normal,0.525
AFIB,Normal,0.5394
AFIB,Normal,0.6213
AFIB,Normal,0.5864
AFIB,Normal,0.6241
AFIB,Normal,0.628
AFIB,Normal,0.6025
AFIB,Normal,0.6278
AFIB,Normal,0.5433
AFIB,Normal,0.5496
AFIB,Normal,0.6061
AFIB,Normal,0.6418
AFIB,Normal,0.6168
AFIB,Normal,0.591
AFIB,Normal,0.6266
AFIB,Normal,0.6245
AFIB,Normal,0.6223
AFIB,Normal,0.6224
AFIB,Normal,0.6484
AFIB,Normal,0.612
AFIB,Normal,0.6166
AFIB,Normal,0.6554
AFIB,Normal,0.6458
AFIB,Normal,0.6594
AFIB,Normal,0.5958
AFIB,Normal,0.5715
AFIB,Normal,0.5919
AFIB,Normal,0.6429
AFIB,Normal,0.6316
AFIB,Normal,0.627
AFIB,Normal,0.6232
AFIB,Normal,0.6075
AFIB,Normal,0.6046
AFIB,Normal,0.6232
AFIB,Normal,0.6447
AFIB,Normal,0.6042
AFIB,Normal,0.5848
AFIB,Normal,0.6124
AFIB,Normal,0.6227
AFIB,Normal,0.5981
AFIB,Normal,0.6362
AFIB,Normal,0.637
AFIB,Normal,0.6313
AFIB,Normal,0.6349
AFIB,Normal,0.6053
AFIB,Normal,0.6526
AFIB,Normal,0.6828
AFIB,Normal,0.636
AFIB,Normal,0.6036
AFIB,Normal,0.5785
AFIB,Normal,0.6214
AFIB,Normal,0.6226
AFIB,Normal,0.6205
AFIB,Normal,0.6151
AFIB,Normal,0.6141
AFIB,Normal,0.635
AFIB,Normal,0.6058
AFIB,Normal,0.6165
AFIB,Normal,0.6102
AFIB,Normal,0.6227
AFIB,Normal,0.5846
AFIB,Normal,0.5669
AFIB,Normal,0.6073
AFIB,Normal,0.6037
AFIB,Normal,0.6208
AFIB,Normal,0.5768
AFIB,Normal,0.5973
AFIB,Normal,0.6109
AFIB,Normal,0.6234
AFIB,Normal,0.591
AFIB,Normal,0.5856
AFIB,Normal,0.6014
AFIB,Normal,0.5812
AFIB,Normal,0.627
AFIB,Normal,0.6613
AFIB,Normal,0.6199
AFIB,Normal,0.5521
AFIB,Normal,0.6283
AFIB,Normal,0.6288
AFIB,Normal,0.6248
AFIB,Normal,0.6469
AFIB,Normal,0.6385
AFIB,Normal,0.6197
AFIB,Normal,0.6366
AFIB,Normal,0.589
AFIB,Normal,0.5417
AFIB,Normal,0.5927
AFIB,Normal,0.635
AFIB,Normal,0.6052
AFIB,Normal,0.6213
AFIB,Normal,0.6234
AFIB,Normal,0.6208
AFIB,Normal,0.6473
AFIB,Normal,0.6384
AFIB,Normal,0.6358
AFIB,Normal,0.6091
AFIB,Normal,0.5789
AFIB,Normal,0.5362
AFIB,Normal,0.617
AFIB,Normal,0.6071
AFIB,Normal,0.6145
AFIB,Normal,0.6422
AFIB,Normal,0.6513
AFIB,Normal,0.6304
AFIB,Normal,0.6209
AFIB,Normal,0.6344
AFIB,Normal,0.6304
AFIB,Normal,0.6288
AFIB,Normal,0.5973
AFIB,Normal,0.5439
AFIB,Normal,0.6163
AFIB,Normal,0.6033
AFIB,Normal,0.5426
AFIB,Normal,0.5919
AFIB,Normal,0.6129
AFIB,Normal,0.6255
AFIB,Normal,0.6233
AFIB,Normal,0.6509
AFIB,Normal,0.6263
AFIB,Normal,0.6074
AFIB,Normal,0.6018
AFIB,Normal,0.5806
AFIB,Normal,0.6191
AFIB,Normal,0.6682
AFIB,Normal,0.5939
AFIB,Normal,0.5755
AFIB,Normal,0.6208
AFIB,Normal,0.6226
AFIB,Normal,0.6239
AFIB,Normal,0.6025
AFIB,Normal,0.6105
AFIB,Normal,0.6248
AFIB,Normal,0.5996
AFIB,Normal,0.6138
AFIB,Normal,0.6077
AFIB,Normal,0.5898
AFIB,Normal,0.6217
AFIB,Normal,0.6151
AFIB,Normal,0.5737
AFIB,Normal,0.538
AFIB,Normal,0.5871
AFIB,Normal,0.638
AFIB,Normal,0.6377
AFIB,Normal,0.6207
AFIB,Normal,0.611
AFIB,Normal,0.5835
AFIB,Normal,0.6246
AFIB,Normal,0.6513
AFIB,Normal,0.6319
AFIB,Normal,0.6217
AFIB,Normal,0.625
AFIB,Normal,0.6328
AFIB,Normal,0.6234
AFIB,Normal,0.634
AFIB,Normal,0.645
AFIB,Normal,0.628
AFIB,Normal,0.578
AFIB,Normal,0.5329
AFIB,Normal,0.5869
AFIB,Normal,0.6292
AFIB,Normal,0.6092
AFIB,Normal,0.6267
AFIB,Normal,0.6323
AFIB,Normal,0.6507
AFIB,Normal,0.6225
AFIB,Normal,0.6004
AFIB,Normal,0.6288
AFIB,Normal,0.5955
AFIB,Normal,0.5651
AFIB,Normal,0.5807
AFIB,Normal,0.6297
AFIB,Normal,0.6127
AFIB,Normal,0.6297
AFIB,Normal,0.6304
AFIB,Normal,0.6247
AFIB,Normal,0.6274
AFIB,Normal,0.6261
AFIB,Normal,0.6363
AFIB,Normal,0.6512
AFIB,Normal,0.6592
AFIB,Normal,0.5987
AFIB,Normal,0.5541
AFIB,Normal,0.5864
AFIB,Normal,0.6366
AFIB,Normal,0.6167
AFIB,Normal,0.6081
AFIB,Normal,0.6296
AFIB,Normal,0.6062
AFIB,Normal,0.6198
AFIB,Normal,0.6071
AFIB,Normal,0.6011
AFIB,Normal,0.619
AFIB,Normal,0.6064
AFIB,Normal,0.6345
AFIB,Normal,0.6317
AFIB,Normal,0.6031
AFIB,Normal,0.6161
AFIB,Normal,0.6175
AFIB,Normal,0.5932
AFIB,Normal,0.5899
AFIB,Normal,0.5567
AFIB,Normal,0.5477
AFIB,Normal,0.6179
AFIB,Normal,0.6426
AFIB,Normal,0.6135
AFIB,Normal,0.6078
AFIB,Normal,0.6179
AFIB,Normal,0.5841
AFIB,Normal,0.5672
AFIB,Normal,0.6388
AFIB,Normal,0.622
AFIB,Normal,0.6277
AFIB,Normal,0.6186
AFIB,Normal,0.6301
AFIB,Normal,0.6415
AFIB,Normal,0.6553
AFIB,Normal,0.6136
AFIB,Normal,0.5256
AFIB,Normal,0.608
AFIB,Normal,0.6312
AFIB,Normal,0.631
AFIB,Normal,0.6257
AFIB,Normal,0.6355
AFIB,Normal,0.6509
AFIB,Normal,0.6514
AFIB,Normal,0.6529
AFIB,Normal,0.6473
AFIB,Normal,0.6217
AFIB,Normal,0.5569
AFIB,Normal,0.5327
AFIB,Normal,0.598
AFIB,Normal,0.6185
AFIB,Normal,0.6601
AFIB,Normal,0.6402
AFIB,Normal,0.6438
AFIB,Normal,0.6315
AFIB,Normal,0.6248
AFIB,Normal,0.632
AFIB,Normal,0.6476
AFIB,Normal,0.6554
AFIB,Normal,0.6052
AFIB,Normal,0.5846
AFIB,Normal,0.6255
AFIB,Normal,0.6499
AFIB,Normal,0.6005
AFIB,Normal,0.6161
AFIB,Normal,0.6174
AFIB,Normal,0.6317
AFIB,Normal,0.652
AFIB,Normal,0.6356
AFIB,Normal,0.6538
AFIB,Normal,0.6422
AFIB,Normal,0.5839
AFIB,Normal,0.595
AFIB,Normal,0.6493
AFIB,Normal,0.6362
AFIB,Normal,0.6065
AFIB,Normal,0.6154
AFIB,Normal,0.5885
AFIB,Normal,0.5741
AFIB,Normal,0.5955
AFIB,Normal,0.6098
AFIB,Normal,0.6095
AFIB,Normal,0.6112
AFIB,Normal,0.587
AFIB,Normal,0.6051
AFIB,Normal,0.6242
AFIB,Normal,0.5684
AFIB,Normal,0.6305
AFIB,Normal,0.6238
AFIB,Normal,0.5941
AFIB,Normal,0.5616
AFIB,Normal,0.5409
AFIB,Normal,0.5653
AFIB,Normal,0.5997
AFIB,Normal,0.6209
AFIB,Normal,0.6018
AFIB,Normal,0.5414
AFIB,Normal,0.6089
AFIB,Normal,0.6539
AFIB,Normal,0.639
AFIB,Normal,0.621
AFIB,Normal,0.6257
AFIB,Normal,0.6282
AFIB,Normal,0.6534
AFIB,Normal,0.6512
AFIB,Normal,0.6316
AFIB,Normal,0.6412
AFIB,Normal,0.6122
AFIB,Normal,0.5974
AFIB,Normal,0.629
AFIB,Normal,0.6323
AFIB,Normal,0.6246
AFIB,Normal,0.62
AFIB,Normal,0.6339
AFIB,Normal,0.6399
AFIB,Normal,0.637
AFIB,Normal,0.6266
AFIB,Normal,0.6239
AFIB,Normal,0.5849
AFIB,Normal,0.5423
AFIB,Normal,0.5098
AFIB,Normal,0.6282
AFIB,Normal,0.6323
AFIB,Normal,0.6103
AFIB,Normal,0.6042
AFIB,Normal,0.6015
AFIB,Normal,0.6252
AFIB,Normal,0.6202
AFIB,Normal,0.6183
AFIB,Normal,0.6476
AFIB,Normal,0.6129
AFIB,Normal,0.5935
AFIB,Normal,0.6145
AFIB,Normal,0.6535
AFIB,Normal,0.6324
AFIB,Normal,0.6199
AFIB,Normal,0.6093
AFIB,Normal,0.5739
AFIB,Normal,0.5891
AFIB,Normal,0.6068
AFIB,Normal,0.6142
AFIB,Normal,0.6206
AFIB,Normal,0.6274
AFIB,Normal,0.5746
AFIB,Normal,0.5687
AFIB,Normal,0.6265
AFIB,Normal,0.6076
AFIB,Normal,0.6178
AFIB,Normal,0.6004
AFIB,Normal,0.5797
AFIB,Normal,0.5643
AFIB,Normal,0.5968
AFIB,Normal,0.579
AFIB,Normal,0.5643
AFIB,Normal,0.6274
AFIB,Normal,0.6134
AFIB,Normal,0.634
AFIB,Normal,0.6698
AFIB,Normal,0.6479
AFIB,Normal,0.6166
AFIB,Normal,0.6218
AFIB,Normal,0.6404
AFIB,Normal,0.6139
AFIB,Normal,0.6077
AFIB,Normal,0.61
AFIB,Normal,0.6245
AFIB,Normal,0.6413
AFIB,Normal,0.5778
AFIB,Normal,0.5172
AFIB,Normal,0.6084
AFIB,Normal,0.6314
AFIB,Normal,0.5853
AFIB,Normal,0.6256
AFIB,Normal,0.6211
AFIB,Normal,0.6346
AFIB,Normal,0.6664
AFIB,Normal,0.6388
AFIB,Normal,0.6396
AFIB,Normal,0.6303
AFIB,Normal,0.552
AFIB,Normal,0.5606
AFIB,Normal,0.6532
AFIB,Normal,0.5894
AFIB,Normal,0.6266
AFIB,Normal,0.6392
AFIB,Normal,0.6287
AFIB,Normal,0.6122
AFIB,Normal,0.6139
AFIB,Normal,0.6152
AFIB,Normal,0.616
AFIB,Normal,0.6144
AFIB,Normal,0.6252
AFIB,Normal,0.5884
AFIB,Normal,0.6096
AFIB,Normal,0.6272
AFIB,Normal,0.6028
AFIB,Normal,0.5857
AFIB,Normal,0.6238
AFIB,Normal,0.6423
AFIB,Normal,0.6027
AFIB,Normal,0.6343
AFIB,Normal,0.6227
AFIB,Normal,0.6289
AFIB,Normal,0.5737
AFIB,Normal,0.5471
AFIB,Normal,0.6301
AFIB,Normal,0.6178
AFIB,Normal,0.6193
AFIB,Normal,0.6139
AFIB,Normal,0.6108
AFIB,Normal,0.5624
AFIB,Normal,0.5597
AFIB,Normal,0.6258
AFIB,Normal,0.6085
AFIB,Normal,0.633
AFIB,Normal,0.6033
AFIB,Normal,0.6002
AFIB,Normal,0.6043
AFIB,Normal,0.5834
AFIB,Normal,0.5924
AFIB,Normal,0.6183
AFIB,Normal,0.5618
AFIB,Normal,0.5445
AFIB,Normal,0.6191
AFIB,Normal,0.6127
AFIB,Normal,0.6305
AFIB,Normal,0.6428
AFIB,Normal,0.6158
AFIB,Normal,0.6082
AFIB,Normal,0.6327
AFIB,Normal,0.6285
AFIB,Normal,0.5872
AFIB,Normal,0.59
AFIB,Normal,0.5947
AFIB,Normal,0.6073
AFIB,Normal,0.6139
AFIB,Normal,0.6248
AFIB,Normal,0.6587
AFIB,Normal,0.632
AFIB,Normal,0.5904
AFIB,Normal,0.5526
AFIB,Normal,0.6491
AFIB,Normal,0.654
AFIB,Normal,0.632
AFIB,Normal,0.6269
AFIB,Normal,0.6382
AFIB,Normal,0.6492
AFIB,Normal,0.6385
AFIB,Normal,0.642
AFIB,Normal,0.6485
AFIB,Normal,0.629
AFIB,Normal,0.5587
AFIB,Normal,0.5343
AFIB,Normal,0.5925
AFIB,Normal,0.6102
AFIB,Normal,0.612
AFIB,Normal,0.6067
AFIB,Normal,0.6017
AFIB,Normal,0.5499
AFIB,Normal,0.5558
AFIB,Normal,0.6081
AFIB,Normal,0.6233
AFIB,Normal,0.6414
AFIB,Normal,0.5728
AFIB,Normal,0.554
AFIB,Normal,0.6264
AFIB,Normal,0.616
AFIB,Normal,0.5316
AFIB,Normal,0.5196
AFIB,Normal,0.6097
AFIB,Normal,0.5986
AFIB,Normal,0.6033
AFIB,Normal,0.5833
AFIB,Normal,0.5998
AFIB,Normal,0.6202
AFIB,Normal,0.608
AFIB,Normal,0.6127
AFIB,Normal,0.6299
AFIB,Normal,0.6098
AFIB,Normal,0.5984
AFIB,Normal,0.6009
AFIB,Normal,0.6136
AFIB,Normal,0.6227
AFIB,Normal,0.6271
AFIB,Normal,0.5538
AFIB,Normal,0.59
AFIB,Normal,0.6343
AFIB,Normal,0.6105
AFIB,Normal,0.6402
AFIB,Normal,0.661
AFIB,Normal,0.6137
AFIB,Normal,0.5933
AFIB,Normal,0.6209
AFIB,Normal,0.6401
AFIB,Normal,0.6546
AFIB,Normal,0.6282
AFIB,Normal,0.6139
AFIB,Normal,0.6082
AFIB,Normal,0.6108
AFIB,Normal,0.5979
AFIB,Normal,0.5449
AFIB,Normal,0.6067
AFIB,Normal,0.6292
AFIB,Normal,0.6052
AFIB,Normal,0.5949
AFIB,Normal,0.6291
AFIB,Normal,0.65
AFIB,Normal,0.6536
AFIB,Normal,0.6605
AFIB,Normal,0.6336
AFIB,Normal,0.5784
AFIB,Normal,0.5479
AFIB,Normal,0.5821
AFIB,Normal,0.6536
AFIB,Normal,0.6266
AFIB,Normal,0.6256
AFIB,Normal,0.614
AFIB,Normal,0.627
AFIB,Normal,0.6243
AFIB,Normal,0.6223
AFIB,Normal,0.6134
AFIB,Normal,0.636
AFIB,Normal,0.6408
AFIB,Normal,0.6031
AFIB,Normal,0.5679
AFIB,Normal,0.6041
AFIB,Normal,0.6183
AFIB,Normal,0.6061
AFIB,Normal,0.616
AFIB,Normal,0.6091
AFIB,Normal,0.6238
AFIB,Normal,0.6304
AFIB,Normal,0.6029
AFIB,Normal,0.6479
AFIB,Normal,0.6515
AFIB,Normal,0.5925
AFIB,Normal,0.5559
AFIB,Normal,0.6314
AFIB,Normal,0.641
AFIB,Normal,0.6219
AFIB,Normal,0.6303
AFIB,Normal,0.5885
AFIB,Normal,0.6108
AFIB,Normal,0.5541
AFIB,Normal,0.5388
AFIB,Normal,0.54
AFIB,Normal,0.5867
AFIB,Normal,0.5632
AFIB,Normal,0.5837
AFIB,Normal,0.6271
AFIB,Normal,0.5755
AFIB,Normal,0.6011
AFIB,Normal,0.5343
AFIB,Normal,0.5237
AFIB,Normal,0.6227
AFIB,Normal,0.6545
AFIB,Normal,0.6595
AFIB,Normal,0.6186
AFIB,Normal,0.6133
AFIB,Normal,0.6149
AFIB,Normal,0.5662
AFIB,Normal,0.6204
AFIB,Normal,0.6421
AFIB,Normal,0.6186
AFIB,Normal,0.6172
AFIB,Normal,0.638
AFIB,Normal,0.5927
AFIB,Normal,0.6014
AFIB,Normal,0.6401
AFIB,Normal,0.6477
AFIB,Normal,0.6304
AFIB,Normal,0.6094
AFIB,Normal,0.5661
AFIB,Normal,0.6569
AFIB,Normal,0.6713
AFIB,Normal,0.6168
AFIB,Normal,0.6516
AFIB,Normal,0.653
AFIB,Normal,0.6112
AFIB,Normal,0.6219
AFIB,Normal,0.6405
AFIB,Normal,0.6475
AFIB,Normal,0.6087
AFIB,Normal,0.5828
AFIB,Normal,0.5756
AFIB,Normal,0.6067
AFIB,Normal,0.6181
AFIB,Normal,0.5784
AFIB,Normal,0.601
AFIB,Normal,0.6081
AFIB,Normal,0.5992
AFIB,Normal,0.5958
AFIB,Normal,0.6098
AFIB,Normal,0.6256
AFIB,Normal,0.6141
AFIB,Normal,0.6164
AFIB,Normal,0.5614
AFIB,Normal,0.6078
AFIB,Normal,0.6121
AFIB,Normal,0.592
AFIB,Normal,0.5952
AFIB,Normal,0.5889
AFIB,Normal,0.5486
AFIB,Normal,0.5279
AFIB,Normal,0.6078
AFIB,Normal,0.6206
AFIB,Normal,0.6109
AFIB,Normal,0.5918
AFIB,Normal,0.6182
AFIB,Normal,0.6497
AFIB,Normal,0.6146
AFIB,Normal,0.6432
AFIB,Normal,0.5981
AFIB,Normal,0.6156
AFIB,Normal,0.6193
AFIB,Normal,0.5488
AFIB,Normal,0.5432
AFIB,Normal,0.607
AFIB,Normal,0.6201
AFIB,Normal,0.5933
AFIB,Normal,0.5503
AFIB,Normal,0.601
AFIB,Normal,0.6539
AFIB,Normal,0.6266
AFIB,Normal,0.5965
AFIB,Normal,0.5958
AFIB,Normal,0.5949
AFIB,Normal,0.612
AFIB,Normal,0.6053
AFIB,Normal,0.6345
AFIB,Normal,0.6366
AFIB,Normal,0.5788
AFIB,Normal,0.5554
AFIB,Normal,0.6104
AFIB,Normal,0.6402
AFIB,Normal,0.6159
AFIB,Normal,0.6202
AFIB,Normal,0.6286
AFIB,Normal,0.634
AFIB,Normal,0.6441
AFIB,Normal,0.6332
AFIB,Normal,0.634
AFIB,Normal,0.6237
AFIB,Normal,0.58
AFIB,Normal,0.5859
AFIB,Normal,0.6262
AFIB,Normal,0.5948
AFIB,Normal,0.6307
AFIB,Normal,0.625
AFIB,Normal,0.5977
AFIB,Normal,0.5998
AFIB,Normal,0.5837
AFIB,Normal,0.5924
AFIB,Normal,0.599
AFIB,Normal,0.6107
AFIB,Normal,0.6016
AFIB,Normal,0.5564
AFIB,Normal,0.5968
AFIB,Normal,0.6383
AFIB,Normal,0.6381
AFIB,Normal,0.6082
AFIB,Normal,0.5944
AFIB,Normal,0.6038
AFIB,Normal,0.6024
AFIB,Normal,0.6062
AFIB,Normal,0.6066
AFIB,Normal,0.6315
AFIB,Normal,0.576
AFIB,Normal,0.6047
AFIB,Normal,0.6356
AFIB,Normal,0.6368
AFIB,Normal,0.6331
AFIB,Normal,0.5841
AFIB,Normal,0.6288
AFIB,Normal,0.5918
AFIB,Normal,0.5729
AFIB,Normal,0.5358
AFIB,Normal,0.5213
AFIB,Normal,0.6226
AFIB,Normal,0.6057
AFIB,Normal,0.6164
AFIB,Normal,0.6568
AFIB,Normal,0.6539
AFIB,Normal,0.5868
AFIB,Normal,0.5743
AFIB,Normal,0.5639
AFIB,Normal,0.6028
AFIB,Normal,0.6284
AFIB,Normal,0.6343
AFIB,Normal,0.6547
AFIB,Normal,0.6339
AFIB,Normal,0.6054
AFIB,Normal,0.592
AFIB,Normal,0.6345
AFIB,Normal,0.6366
AFIB,Normal,0.5886
AFIB,Normal,0.6179
AFIB,Normal,0.605
AFIB,Normal,0.612
AFIB,Normal,0.6375
AFIB,Normal,0.6347
AFIB,Normal,0.6389
AFIB,Normal,0.5972
AFIB,Normal,0.5635
AFIB,Normal,0.5781
AFIB,Normal,0.5984
AFIB,Normal,0.5813
AFIB,Normal,0.6212
AFIB,Normal,0.6299
AFIB,Normal,0.6225
AFIB,Normal,0.6496
AFIB,Normal,0.6465
AFIB,Normal,0.6348
AFIB,Normal,0.6275
AFIB,Normal,0.6239
AFIB,Normal,0.5786
AFIB,Normal,0.525
AFIB,Normal,0.5796
AFIB,Normal,0.6121
AFIB,Normal,0.623
AFIB,Normal,0.5611
AFIB,Normal,0.5725
AFIB,Normal,0.603
AFIB,Normal,0.6131
AFIB,Normal,0.6125
AFIB,Normal,0.6296
AFIB,Normal,0.6427
AFIB,Normal,0.5905
AFIB,Normal,0.564
AFIB,Normal,0.6186
AFIB,Normal,0.6441
AFIB,Normal,0.6082
AFIB,Normal,0.6211
AFIB,Normal,0.6008
AFIB,Normal,0.5671
AFIB,Normal,0.5839
AFIB,Normal,0.5878
AFIB,Normal,0.6193
AFIB,Normal,0.6121
AFIB,Normal,0.5801
AFIB,Normal,0.6248
AFIB,Normal,0.6409
AFIB,Normal,0.6095
AFIB,Normal,0.5957
AFIB,Normal,0.6039
AFIB,Normal,0.6259
AFIB,Normal,0.5958
AFIB,Normal,0.5552
AFIB,Normal,0.56
AFIB,Normal,0.6105
AFIB,Normal,0.6175
AFIB,Normal,0.6254
AFIB,Normal,0.5809
AFIB,Normal,0.6197
AFIB,Normal,0.6404
AFIB,Normal,0.6252
AFIB,Normal,0.6375
AFIB,Normal,0.6357
AFIB,Normal,0.6215
AFIB,Normal,0.5766
AFIB,Normal,0.5996
AFIB,Normal,0.6378
AFIB,Normal,0.6456
AFIB,Normal,0.574
AFIB,Normal,0.5461
AFIB,Normal,0.6187
AFIB,Normal,0.6302
AFIB,Normal,0.612
AFIB,Normal,0.6287
AFIB,Normal,0.6345
AFIB,Normal,0.631
AFIB,Normal,0.6301
AFIB,Normal,0.6397
AFIB,Normal,0.615
AFIB,Normal,0.6256
AFIB,Normal,0.5638
AFIB,Normal,0.5221
AFIB,Normal,0.6109
AFIB,Normal,0.6135
AFIB,Normal,0.6385
AFIB,Normal,0.6189
AFIB,Normal,0.6186
AFIB,Normal,0.6135
AFIB,Normal,0.6364
AFIB,Normal,0.6134
AFIB,Normal,0.6344
AFIB,Normal,0.6266
AFIB,Normal,0.5685
AFIB,Normal,0.5801
AFIB,Normal,0.6275
AFIB,Normal,0.6352
AFIB,Normal,0.5944
AFIB,Normal,0.6168
AFIB,Normal,0.5922
AFIB,Normal,0.6061
AFIB,Normal,0.6311
AFIB,Normal,0.5915
AFIB,Normal,0.6104
AFIB,Normal,0.6347
AFIB,Normal,0.5991
AFIB,Normal,0.585
AFIB,Normal,0.6229
AFIB,Normal,0.6108
AFIB,Normal,0.6486
AFIB,Normal,0.625
AFIB,Normal,0.5688
AFIB,Normal,0.6089
AFIB,Normal,0.58
AFIB,Normal,0.5781
AFIB,Normal,0.6254
AFIB,Normal,0.5937
AFIB,Normal,0.5781
AFIB,Normal,0.6099
AFIB,Normal,0.6148
AFIB,Normal,0.5785
AFIB,Normal,0.5601
AFIB,Normal,0.5735
AFIB,Normal,0.6018
AFIB,Normal,0.6358
AFIB,Normal,0.6292
AFIB,Normal,0.6206
AFIB,Normal,0.5991
AFIB,Normal,0.6221
AFIB,Normal,0.6081
AFIB,Normal,0.5223
AFIB,Normal,0.5786
AFIB,Normal,0.6341
AFIB,Normal,0.6343
AFIB,Normal,0.6221
AFIB,Normal,0.6374
AFIB,Normal,0.6212
AFIB,Normal,0.6466
AFIB,Normal,0.6479
AFIB,Normal,0.6248
AFIB,Normal,0.6064
AFIB,Normal,0.5668
AFIB,Normal,0.5641
AFIB,Normal,0.6003
AFIB,Normal,0.624
AFIB,Normal,0.6169
AFIB,Normal,0.6032
AFIB,Normal,0.6282
AFIB,Normal,0.6061
AFIB,Normal,0.625
AFIB,Normal,0.6326
AFIB,Normal,0.66
AFIB,Normal,0.6549
AFIB,Normal,0.6323
AFIB,Normal,0.5751
AFIB,Normal,0.6081
AFIB,Normal,0.6292
AFIB,Normal,0.6018
AFIB,Normal,0.5441
AFIB,Normal,0.5488
AFIB,Normal,0.639
AFIB,Normal,0.6155
AFIB,Normal,0.6192
AFIB,Normal,0.627
AFIB,Normal,0.5926
AFIB,Normal,0.5672
AFIB,Normal,0.6059
AFIB,Normal,0.6609
AFIB,Normal,0.6384
AFIB,Normal,0.6032
AFIB,Normal,0.561
AFIB,Normal,0.556
AFIB,Normal,0.5963
AFIB,Normal,0.5671
AFIB,Normal,0.5863
AFIB,Normal,0.6146
AFIB,Normal,0.6147
AFIB,Normal,0.5894
AFIB,Normal,0.5999
AFIB,Normal,0.6204
AFIB,Normal,0.6086
AFIB,Normal,0.6373
AFIB,Normal,0.6022
AFIB,Normal,0.6006
AFIB,Normal,0.5493
AFIB,Normal,0.5177
AFIB,Normal,0.5844
AFIB,Normal,0.6061
AFIB,Normal,0.6277
AFIB,Normal,0.6109
AFIB,Normal,0.571
AFIB,Normal,0.5877
AFIB,Normal,0.6173
AFIB,Normal,0.606
AFIB,Normal,0.605
AFIB,Normal,0.6072
AFIB,Normal,0.6086
AFIB,Normal,0.6239
AFIB,Normal,0.6021
AFIB,Normal,0.6072
AFIB,Normal,0.6263
AFIB,Normal,0.5832
AFIB,Normal,0.5581
AFIB,Normal,0.6196
AFIB,Normal,0.6322
AFIB,Normal,0.5947
AFIB,Normal,0.6393
AFIB,Normal,0.6356
AFIB,Normal,0.6182
AFIB,Normal,0.636
AFIB,Normal,0.6269
AFIB,Normal,0.6245
AFIB,Normal,0.6065
AFIB,Normal,0.5484
AFIB,Normal,0.5416
AFIB,Normal,0.6382
AFIB,Normal,0.6051
AFIB,Normal,0.628
AFIB,Normal,0.6377
AFIB,Normal,0.6017
AFIB,Normal,0.608
AFIB,Normal,0.6198
AFIB,Normal,0.6314
AFIB,Normal,0.6258
AFIB,Normal,0.6372
AFIB,Normal,0.6009
AFIB,Normal,0.5649
AFIB,Normal,0.6161
AFIB,Normal,0.6243
AFIB,Normal,0.6209
AFIB,Normal,0.5891
AFIB,Normal,0.598
AFIB,Normal,0.6058
AFIB,Normal,0.6089
AFIB,Normal,0.6184
AFIB,Normal,0.5779
AFIB,Normal,0.5983
AFIB,Normal,0.5851
AFIB,Normal,0.5826
AFIB,Normal,0.6364
AFIB,Normal,0.632
AFIB,Normal,0.6064
AFIB,Normal,0.6208
AFIB,Normal,0.6539
AFIB,Normal,0.6049
AFIB,Normal,0.5931
AFIB,Normal,0.5401
AFIB,Normal,0.5434
AFIB,Normal,0.6186
AFIB,Normal,0.5386
AFIB,Normal,0.563
AFIB,Normal,0.63
AFIB,Normal,0.5915
AFIB,Normal,0.5259
AFIB,Normal,0.5811
AFIB,Normal,0.598
AFIB,Normal,0.6035
AFIB,Normal,0.6204
AFIB,Normal,0.6097
AFIB,Normal,0.6258
AFIB,Normal,0.6089
AFIB,Normal,0.5871
AFIB,Normal,0.5668
AFIB,Normal,0.6099
AFIB,Normal,0.637
AFIB,Normal,0.6285
AFIB,Normal,0.6448
AFIB,Normal,0.6375
AFIB,Normal,0.6277
AFIB,Normal,0.6084
AFIB,Normal,0.6163
AFIB,Normal,0.6347
AFIB,Normal,0.598
AFIB,Normal,0.5483
AFIB,Normal,0.5144
AFIB,Normal,0.5889
AFIB,Normal,0.5817
AFIB,Normal,0.615
AFIB,Normal,0.6206
AFIB,Normal,0.6106
AFIB,Normal,0.6193
AFIB,Normal,0.6186
AFIB,Normal,0.6281
AFIB,Normal,0.6424
AFIB,Normal,0.6394
AFIB,Normal,0.5625
AFIB,Normal,0.5773
AFIB,Normal,0.6417
AFIB,Normal,0.5857
AFIB,Normal,0.5565
AFIB,Normal,0.5888
AFIB,Normal,0.5985
AFIB,Normal,0.5729
AFIB,Normal,0.5984
AFIB,Normal,0.595
AFIB,Normal,0.6024
AFIB,Normal,0.6401
AFIB,Normal,0.5588
AFIB,Normal,0.5877
AFIB,Normal,0.6578
AFIB,Normal,0.631
AFIB,Normal,0.5973
AFIB,Normal,0.6123
AFIB,Normal,0.6186
AFIB,Normal,0.5653
AFIB,Normal,0.5766
AFIB,Normal,0.6128
AFIB,Normal,0.6113
AFIB,Normal,0.6025
AFIB,Normal,0.5387
AFIB,Normal,0.5686
AFIB,Normal,0.6254
AFIB,Normal,0.6407
AFIB,Normal,0.6267
AFIB,Normal,0.6021
AFIB,Normal,0.5921
AFIB,Normal,0.5268
AFIB,Normal,0.5109
AFIB,Normal,0.5719
AFIB,Normal,0.6324
AFIB,Normal,0.6386
AFIB,Normal,0.6113
AFIB,Normal,0.5496
AFIB,Normal,0.6119
AFIB,Normal,0.6405
AFIB,Normal,0.5792
AFIB,Normal,0.5882
AFIB,Normal,0.5881
AFIB,Normal,0.6292
AFIB,Normal,0.6243
AFIB,Normal,0.6328
AFIB,Normal,0.6277
AFIB,Normal,0.6381
AFIB,Normal,0.6218
AFIB,Normal,0.5479
AFIB,Normal,0.6053
AFIB,Normal,0.6189
AFIB,Normal,0.6149
AFIB,Normal,0.5961
AFIB,Normal,0.6142
AFIB,Normal,0.6259
AFIB,Normal,0.6299
AFIB,Normal,0.653
AFIB,Normal,0.5742
AFIB,Normal,0.5725
AFIB,Normal,0.5636
AFIB,Normal,0.544
AFIB,Normal,0.6234
AFIB,Normal,0.5939
AFIB,Normal,0.6201
AFIB,Normal,0.6043
AFIB,Normal,0.6095
AFIB,Normal,0.5833
AFIB,Normal,0.59
AFIB,Normal,0.58
AFIB,Normal,0.5966
AFIB,Normal,0.6263
AFIB,Normal,0.6237
AFIB,Normal,0.579
AFIB,Normal,0.6081
AFIB,Normal,0.6213
AFIB,Normal,0.5646
AFIB,Normal,0.5808
AFIB,Normal,0.5772
AFIB,Normal,0.5975
AFIB,Normal,0.6202
AFIB,Normal,0.6048
AFIB,Normal,0.6154
AFIB,Normal,0.6029
AFIB,Normal,0.5585
AFIB,Normal,0.588
AFIB,Normal,0.6163
AFIB,Normal,0.5703
AFIB,Normal,0.5777
AFIB,Normal,0.605
AFIB,Normal,0.5929
AFIB,Normal,0.6158
AFIB,Normal,0.6019
AFIB,Normal,0.548
AFIB,Normal,0.5355
AFIB,Normal,0.5667
AFIB,Normal,0.5822
AFIB,Normal,0.5746
AFIB,Normal,0.638
AFIB,Normal,0.6153
AFIB,Normal,0.6034
AFIB,Normal,0.6148
AFIB,Normal,0.612
AFIB,Normal,0.6165
AFIB,Normal,0.6105
AFIB,Normal,0.6469
AFIB,Normal,0.6512
AFIB,Normal,0.6251
AFIB,Normal,0.6176
AFIB,Normal,0.5741
AFIB,Normal,0.6135
AFIB,Normal,0.6255
AFIB,Normal,0.6187
AFIB,Normal,0.6247
AFIB,Normal,0.6223
AFIB,Normal,0.6054
AFIB,Normal,0.6439
AFIB,Normal,0.6538
AFIB,Normal,0.6355
AFIB,Normal,0.6127
AFIB,Normal,0.5639
AFIB,Normal,0.5638
AFIB,Normal,0.584
AFIB,Normal,0.587
AFIB,Normal,0.6144
AFIB,Normal,0.6212
AFIB,Normal,0.6276
AFIB,Normal,0.6333
AFIB,Normal,0.6146
AFIB,Normal,0.6065
AFIB,Normal,0.6149
AFIB,Normal,0.5861
AFIB,Normal,0.6024
AFIB,Normal,0.5562
AFIB,Normal,0.6027
AFIB,Normal,0.6333
AFIB,Normal,0.597
AFIB,Normal,0.5918
AFIB,Normal,0.5991
AFIB,Normal,0.612
AFIB,Normal,0.5752
AFIB,Normal,0.5728
AFIB,Normal,0.6248
AFIB,Normal,0.6212
AFIB,Normal,0.597
AFIB,Normal,0.5488
AFIB,Normal,0.6087
AFIB,Normal,0.5885
AFIB,Normal,0.5913
AFIB,Normal,0.5701
AFIB,Normal,0.545
AFIB,Normal,0.6198
AFIB,Normal,0.5699
AFIB,Normal,0.5948
AFIB,Normal,0.5925
AFIB,Normal,0.596
AFIB,Normal,0.5308
AFIB,Normal,0.527
AFIB,Normal,0.5845
AFIB,Normal,0.5807
AFIB,Normal,0.594
AFIB,Normal,0.5412
AFIB,Normal,0.5391
AFIB,Normal,0.5436
AFIB,Normal,0.5489
AFIB,Normal,0.5897
AFIB,Normal,0.5885
AFIB,Normal,0.6208
AFIB,Normal,0.6014
AFIB,Normal,0.5761
AFIB,Normal,0.6103
AFIB,Normal,0.6093
AFIB,Normal,0.6132
AFIB,Normal,0.6123
AFIB,Normal,0.619
AFIB,Normal,0.6143
AFIB,Normal,0.6303
AFIB,Normal,0.6152
AFIB,Normal,0.6377
AFIB,Normal,0.6428
AFIB,Normal,0.5728
AFIB,Normal,0.5503
AFIB,Normal,0.6412
AFIB,Normal,0.6575
AFIB,Normal,0.6088
AFIB,Normal,0.6142
AFIB,Normal,0.6081
AFIB,Normal,0.6185
AFIB,Normal,0.6402
AFIB,Normal,0.6365
AFIB,Normal,0.6381
AFIB,Normal,0.6056
AFIB,Normal,0.5527
AFIB,Normal,0.5505
AFIB,Normal,0.6216
AFIB,Normal,0.5702
AFIB,Normal,0.6114
AFIB,Normal,0.6242
AFIB,Normal,0.5955
AFIB,Normal,0.5896
AFIB,Normal,0.6126
AFIB,Normal,0.6242
AFIB,Normal,0.6042
AFIB,Normal,0.6217
AFIB,Normal,0.6082
AFIB,Normal,0.5576
AFIB,Normal,0.6348
AFIB,Normal,0.6178
AFIB,Normal,0.5558
AFIB,Normal,0.5644
AFIB,Normal,0.58
AFIB,Normal,0.5692
AFIB,Normal,0.5964
AFIB,Normal,0.6244
AFIB,Normal,0.5964
AFIB,Normal,0.6293
AFIB,Normal,0.5855
AFIB,Normal,0.5848
AFIB,Normal,0.6277
AFIB,Normal,0.6071
AFIB,Normal,0.6027
AFIB,Normal,0.5929
AFIB,Normal,0.6375
AFIB,Normal,0.6072
AFIB,Normal,0.5499
AFIB,Normal,0.5486
AFIB,Normal,0.5609
AFIB,Normal,0.5882
AFIB,Normal,0.556
AFIB,Normal,0.5871
AFIB,Normal,0.6476
AFIB,Normal,0.6353
AFIB,Normal,0.5876
AFIB,Normal,0.599
AFIB,Normal,0.6223
AFIB,Normal,0.6073
AFIB,Normal,0.6267
AFIB,Normal,0.6289
AFIB,Normal,0.6178
AFIB,Normal,0.5974
AFIB,Normal,0.5678
AFIB,Normal,0.5378
AFIB,Normal,0.6097
AFIB,Normal,0.6215
AFIB,Normal,0.6007
AFIB,Normal,0.6282
AFIB,Normal,0.6056
AFIB,Normal,0.6202
AFIB,Normal,0.587
AFIB,Normal,0.601
AFIB,Normal,0.6398
AFIB,Normal,0.5844
AFIB,Normal,0.55
AFIB,Normal,0.5644
AFIB,Normal,0.559
AFIB,Normal,0.5543
AFIB,Normal,0.6407
AFIB,Normal,0.6141
AFIB,Normal,0.6092
AFIB,Normal,0.6244
AFIB,Normal,0.5982
AFIB,Normal,0.6181
AFIB,Normal,0.6093
AFIB,Normal,0.6377
AFIB,Normal,0.5928
AFIB,Normal,0.5475
AFIB,Normal,0.5957
AFIB,Normal,0.6313
AFIB,Normal,0.5533
AFIB,Normal,0.5379
AFIB,Normal,0.5989
AFIB,Normal,0.5987
AFIB,Normal,0.6196
AFIB,Normal,0.5809
AFIB,Normal,0.5723
AFIB,Normal,0.6129
AFIB,Normal,0.6037
AFIB,Normal,0.6224
AFIB,Normal,0.651
AFIB,Normal,0.6351
AFIB,Normal,0.5923
AFIB,Normal,0.6034
AFIB,Normal,0.5889
AFIB,Normal,0.5475
AFIB,Normal,0.553
AFIB,Normal,0.5453
AFIB,Normal,0.5563
AFIB,Normal,0.5698
AFIB,Normal,0.5379
AFIB,Normal,0.5984
AFIB,Normal,0.6317
AFIB,Normal,0.5922
AFIB,Normal,0.6059
AFIB,Normal,0.5515
AFIB,Normal,0.5182
AFIB,Normal,0.5496
AFIB,Normal,0.5917
AFIB,Normal,0.5923
AFIB,Normal,0.6301
AFIB,Normal,0.6236
AFIB,Normal,0.5591
AFIB,Normal,0.5412
AFIB,Normal,0.6149
AFIB,Normal,0.6286
AFIB,Normal,0.5975
AFIB,Normal,0.6013
AFIB,Normal,0.5781
AFIB,Normal,0.5871
AFIB,Normal,0.5788
AFIB,Normal,0.5885
AFIB,Normal,0.5796
AFIB,Normal,0.5956
AFIB,Normal,0.5937
AFIB,Normal,0.5684
AFIB,Normal,0.6184
AFIB,Normal,0.6111
AFIB,Normal,0.6144
AFIB,Normal,0.6168
AFIB,Normal,0.6303
AFIB,Normal,0.6299
AFIB,Normal,0.6207
AFIB,Normal,0.6206
AFIB,Normal,0.6027
AFIB,Normal,0.6242
AFIB,Normal,0.5907
AFIB,Normal,0.5362
AFIB,Normal,0.5849
AFIB,Normal,0.6273
AFIB,Normal,0.5454
AFIB,Normal,0.5459
AFIB,Normal,0.5965
AFIB,Normal,0.5838
AFIB,Normal,0.5945
AFIB,Normal,0.5977
AFIB,Normal,0.6048
AFIB,Normal,0.5998
AFIB,Normal,0.58
AFIB,Normal,0.5592
AFIB,Normal,0.617
AFIB,Normal,0.6236
AFIB,Normal,0.5507
AFIB,Normal,0.5683
AFIB,Normal,0.5581
AFIB,Normal,0.5394
AFIB,Normal,0.5446
AFIB,Normal,0.6076
AFIB,Normal,0.6342
AFIB,Normal,0.6113
AFIB,Normal,0.5375
AFIB,Normal,0.5507
AFIB,Normal,0.5883
AFIB,Normal,0.539
AFIB,Normal,0.5771
AFIB,Normal,0.6121
AFIB,Normal,0.6209
AFIB,Normal,0.5736
AFIB,Normal,0.5116
AFIB,Normal,0.5441
AFIB,Normal,0.5984
AFIB,Normal,0.6084
AFIB,Normal,0.6249
AFIB,Normal,0.5789
AFIB,Normal,0.6399
AFIB,Normal,0.611
AFIB,Normal,0.6027
AFIB,Normal,0.5803
AFIB,Normal,0.6002
AFIB,Normal,0.6371
AFIB,Normal,0.606
AFIB,Normal,0.5999
AFIB,Normal,0.6065
AFIB,Normal,0.6403
AFIB,Normal,0.5951
AFIB,Normal,0.5353
AFIB,Normal,0.6
AFIB,Normal,0.6433
AFIB,Normal,0.6312
AFIB,Normal,0.6156
AFIB,Normal,0.6257
AFIB,Normal,0.6257
AFIB,Normal,0.6408
AFIB,Normal,0.5926
AFIB,Normal,0.5892
AFIB,Normal,0.6086
AFIB,Normal,0.5635
AFIB,Normal,0.5058
AFIB,Normal,0.622
AFIB,Normal,0.6111
AFIB,Normal,0.5941
AFIB,Normal,0.623
AFIB,Normal,0.6273
AFIB,Normal,0.6247
AFIB,Normal,0.6199
AFIB,Normal,0.5733
AFIB,Normal,0.5876
AFIB,Normal,0.5936
AFIB,Normal,0.588
AFIB,Normal,0.5871
AFIB,Normal,0.6353
AFIB,Normal,0.6395
AFIB,Normal,0.6112
AFIB,Normal,0.5894
AFIB,Normal,0.5591
AFIB,Normal,0.6014
AFIB,Normal,0.5963
AFIB,Normal,0.6078
AFIB,Normal,0.6147
AFIB,Normal,0.6121
AFIB,Normal,0.5933
AFIB,Normal,0.5937
AFIB,Normal,0.6554
AFIB,Normal,0.6023
AFIB,Normal,0.5955
AFIB,Normal,0.5944
AFIB,Normal,0.578
AFIB,Normal,0.5554
AFIB,Normal,0.5487
AFIB,Normal,0.5737
AFIB,Normal,0.5423
AFIB,Normal,0.5925
AFIB,Normal,0.5607
AFIB,Normal,0.5494
AFIB,Normal,0.614
AFIB,Normal,0.6004
AFIB,Normal,0.5604
AFIB,Normal,0.5358
AFIB,Normal,0.5466
AFIB,Normal,0.5719
AFIB,Normal,0.5809
AFIB,Normal,0.6157
AFIB,Normal,0.5978
AFIB,Normal,0.6081
AFIB,Normal,0.5985
AFIB,Normal,0.5712
AFIB,Normal,0.6073
AFIB,Normal,0.6228
AFIB,Normal,0.6079
AFIB,Normal,0.6292
AFIB,Normal,0.6253
AFIB,Normal,0.6002
AFIB,Normal,0.6159
AFIB,Normal,0.6362
AFIB,Normal,0.6308
AFIB,Normal,0.593
AFIB,Normal,0.5642
AFIB,Normal,0.5857
AFIB,Normal,0.6255
AFIB,Normal,0.6067
AFIB,Normal,0.614
AFIB,Normal,0.5984
AFIB,Normal,0.5816
AFIB,Normal,0.6034
AFIB,Normal,0.6155
AFIB,Normal,0.6394
AFIB,Normal,0.6255
AFIB,Normal,0.5614
AFIB,Normal,0.5384
AFIB,Normal,0.5254
AFIB,Normal,0.5889
AFIB,Normal,0.5926
AFIB,Normal,0.5884
AFIB,Normal,0.6105
AFIB,Normal,0.5749
AFIB,Normal,0.5849
AFIB,Normal,0.5472
AFIB,Normal,0.5742
AFIB,Normal,0.5972
AFIB,Normal,0.5976
AFIB,Normal,0.5796
AFIB,Normal,0.5413
AFIB,Normal,0.6031
AFIB,Normal,0.5571
AFIB,Normal,0.5538
AFIB,Normal,0.524
AFIB,Normal,0.5221
AFIB,Normal,0.5425
AFIB,Normal,0.5737
AFIB,Normal,0.6069
AFIB,Normal,0.6345
AFIB,Normal,0.5643
AFIB,Normal,0.5676
AFIB,Normal,0.5774
AFIB,Normal,0.5761
AFIB,Normal,0.5721
AFIB,Normal,0.5585
AFIB,Normal,0.578
AFIB,Normal,0.5518
AFIB,Normal,0.5652
AFIB,Normal,0.5735
AFIB,Normal,0.5901
AFIB,Normal,0.6305
AFIB,Normal,0.562
AFIB,Normal,0.5254
AFIB,Normal,0.5984
AFIB,Normal,0.6346
AFIB,Normal,0.5827
AFIB,Normal,0.5861
AFIB,Normal,0.6009
AFIB,Normal,0.5879
AFIB,Normal,0.6128
AFIB,Normal,0.5857
AFIB,Normal,0.6063
AFIB,Normal,0.6038
AFIB,Normal,0.5381
AFIB,Normal,0.52
AFIB,Normal,0.5943
AFIB,Normal,0.6346
AFIB,Normal,0.5935
AFIB,Normal,0.6032
AFIB,Normal,0.5877
AFIB,Normal,0.5918
AFIB,Normal,0.6022
AFIB,Normal,0.6158
AFIB,Normal,0.6436
AFIB,Normal,0.6011
AFIB,Normal,0.5741
AFIB,Normal,0.5544
AFIB,Normal,0.6027
AFIB,Normal,0.5922
AFIB,Normal,0.6158
AFIB,Normal,0.591
AFIB,Normal,0.5982
AFIB,Normal,0.6063
AFIB,Normal,0.591
AFIB,Normal,0.6095
AFIB,Normal,0.5756
AFIB,Normal,0.6055
AFIB,Normal,0.5822
AFIB,Normal,0.5542
AFIB,Normal,0.5882
AFIB,Normal,0.63
AFIB,Normal,0.5817
AFIB,Normal,0.5517
AFIB,Normal,0.5542
AFIB,Normal,0.5767
AFIB,Normal,0.5863
AFIB,Normal,0.5914
AFIB,Normal,0.598
AFIB,Normal,0.6113
AFIB,Normal,0.5997
AFIB,Normal,0.6298
AFIB,Normal,0.6619
AFIB,Normal,0.6218
AFIB,Normal,0.5384
AFIB,Normal,0.5613
AFIB,Normal,0.5783
AFIB,Normal,0.567
AFIB,Normal,0.5733
AFIB,Normal,0.5324
AFIB,Normal,0.5643
AFIB,Normal,0.5743
AFIB,Normal,0.525
AFIB,Normal,0.5817
AFIB,Normal,0.5952
AFIB,Normal,0.5487
AFIB,Normal,0.5227
AFIB,Normal,0.5596
AFIB,Normal,0.5823
AFIB,Normal,0.6206
AFIB,Normal,0.6279
AFIB,Normal,0.6271
AFIB,Normal,0.6318
AFIB,Normal,0.5971
AFIB,Normal,0.55
AFIB,Normal,0.5087
AFIB,Normal,0.5756
AFIB,Normal,0.6139
AFIB,Normal,0.6314
AFIB,Normal,0.6301
AFIB,Normal,0.5961
AFIB,Normal,0.6308
AFIB,Normal,0.6141
AFIB,Normal,0.6156
AFIB,Normal,0.6167
AFIB,Normal,0.5986
AFIB,Normal,0.5368
AFIB,Normal,0.5315
AFIB,Normal,0.6022
AFIB,Normal,0.6055
AFIB,Normal,0.592
AFIB,Normal,0.5928
AFIB,Normal,0.6273
AFIB,Normal,0.6241
AFIB,Normal,0.6082
AFIB,Normal,0.6304
AFIB,Normal,0.5982
AFIB,Normal,0.6093
AFIB,Normal,0.5147
AFIB,Normal,0.5998
AFIB,Normal,0.6489
AFIB,Normal,0.5857
AFIB,Normal,0.5845
AFIB,Normal,0.6155
AFIB,Normal,0.5981
AFIB,Normal,0.6176
AFIB,Normal,0.6123
AFIB,Normal,0.6163
AFIB,Normal,0.6035
AFIB,Normal,0.6074
AFIB,Normal,0.5805
AFIB,Normal,0.6106
AFIB,Normal,0.6353
AFIB,Normal,0.5831
AFIB,Normal,0.5981
AFIB,Normal,0.604
AFIB,Normal,0.5901
AFIB,Normal,0.5596
AFIB,Normal,0.5485
AFIB,Normal,0.6025
AFIB,Normal,0.5845
AFIB,Normal,0.5602
AFIB,Normal,0.5726
AFIB,Normal,0.6312
AFIB,Normal,0.587
AFIB,Normal,0.5915
AFIB,Normal,0.5853
AFIB,Normal,0.571
AFIB,Normal,0.536
AFIB,Normal,0.5146
AFIB,Normal,0.6158
AFIB,Normal,0.6542
AFIB,Normal,0.6447
AFIB,Normal,0.6145
AFIB,Normal,0.5396
AFIB,Normal,0.6111
AFIB,Normal,0.6141
AFIB,Normal,0.5896
AFIB,Normal,0.5598
AFIB,Normal,0.5697
AFIB,Normal,0.6104
AFIB,Normal,0.5996
AFIB,Normal,0.6245
AFIB,Normal,0.6105
AFIB,Normal,0.6074
AFIB,Normal,0.5723
AFIB,Normal,0.5659
AFIB,Normal,0.6245
AFIB,Normal,0.6298
AFIB,Normal,0.6103
AFIB,Normal,0.5817
AFIB,Normal,0.6092
AFIB,Normal,0.5959
AFIB,Normal,0.6024
AFIB,Normal,0.627
AFIB,Normal,0.6446
AFIB,Normal,0.5953
AFIB,Normal,0.5449
AFIB,Normal,0.5663
AFIB,Normal,0.6036
AFIB,Normal,0.5791
AFIB,Normal,0.5938
AFIB,Normal,0.5866
AFIB,Normal,0.5717
AFIB,Normal,0.6025
AFIB,Normal,0.6335
AFIB,Normal,0.607
AFIB,Normal,0.6307
AFIB,Normal,0.6104
AFIB,Normal,0.5818
AFIB,Normal,0.5431
AFIB,Normal,0.5969
AFIB,Normal,0.6007
AFIB,Normal,0.5967
AFIB,Normal,0.6328
AFIB,Normal,0.5845
AFIB,Normal,0.586
AFIB,Normal,0.5955
AFIB,Normal,0.6149
AFIB,Normal,0.5814
AFIB,Normal,0.5808
AFIB,Normal,0.5548
AFIB,Normal,0.5418
AFIB,Normal,0.6051
AFIB,Normal,0.5875
AFIB,Normal,0.5726
AFIB,Normal,0.5722
AFIB,Normal,0.575
AFIB,Normal,0.5984
AFIB,Normal,0.5579
AFIB,Normal,0.5823
AFIB,Normal,0.5971
AFIB,Normal,0.6118
AFIB,Normal,0.5864
AFIB,Normal,0.5843
AFIB,Normal,0.6374
AFIB,Normal,0.5695
AFIB,Normal,0.5216
AFIB,Normal,0.5195
AFIB,Normal,0.5891
AFIB,Normal,0.5787
AFIB,Normal,0.6023
AFIB,Normal,0.6065
AFIB,Normal,0.6089
AFIB,Normal,0.6497
AFIB,Normal,0.5626
AFIB,Normal,0.5364
AFIB,Normal,0.61
AFIB,Normal,0.6392
AFIB,Normal,0.584
AFIB,Normal,0.6141
AFIB,Normal,0.6439
AFIB,Normal,0.6071
AFIB,Normal,0.6009
AFIB,Normal,0.6176
AFIB,Normal,0.6295
AFIB,Normal,0.5784
AFIB,Normal,0.5341
AFIB,Normal,0.5166
AFIB,Normal,0.6245
AFIB,Normal,0.638
AFIB,Normal,0.5963
AFIB,Normal,0.6027
AFIB,Normal,0.601
AFIB,Normal,0.5997
AFIB,Normal,0.582
AFIB,Normal,0.5935
AFIB,Normal,0.6296
AFIB,Normal,0.6238
AFIB,Normal,0.5984
AFIB,Normal,0.565
AFIB,Normal,0.5812
AFIB,Normal,0.6086
AFIB,Normal,0.573
AFIB,Normal,0.5784
AFIB,Normal,0.588
AFIB,Normal,0.6096
AFIB,Normal,0.57
AFIB,Normal,0.5929
AFIB,Normal,0.597
AFIB,Normal,0.5952
AFIB,Normal,0.5857
AFIB,Normal,0.5521
AFIB,Normal,0.6053
AFIB,Normal,0.6168
AFIB,Normal,0.6101
AFIB,Normal,0.55
AFIB,Normal,0.5392
AFIB,Normal,0.5273
AFIB,Normal,0.5265
AFIB,Normal,0.5977
AFIB,Normal,0.5753
AFIB,Normal,0.5955
AFIB,Normal,0.5462
AFIB,Normal,0.5654
AFIB,Normal,0.6261
AFIB,Normal,0.6047
AFIB,Normal,0.6032
AFIB,Normal,0.5644
AFIB,Normal,0.5569
AFIB,Normal,0.525
AFIB,Normal,0.53
AFIB,Normal,0.5477
AFIB,Normal,0.5838
AFIB,Normal,0.6122
AFIB,Normal,0.601
AFIB,Normal,0.6171
AFIB,Normal,0.6345
AFIB,Normal,0.6463
AFIB,Normal,0.5988
AFIB,Normal,0.5922
AFIB,Normal,0.5626
AFIB,Normal,0.5759
AFIB,Normal,0.6058
AFIB,Normal,0.5833
AFIB,Normal,0.6266
AFIB,Normal,0.6338
AFIB,Normal,0.5968
AFIB,Normal,0.5182
AFIB,Normal,0.5846
AFIB,Normal,0.6016
AFIB,Normal,0.6182
AFIB,Normal,0.635
AFIB,Normal,0.6014
AFIB,Normal,0.6234
AFIB,Normal,0.6173
AFIB,Normal,0.6133
AFIB,Normal,0.5796
AFIB,Normal,0.5805
AFIB,Normal,0.5925
AFIB,Normal,0.5607
AFIB,Normal,0.6319
AFIB,Normal,0.5877
AFIB,Normal,0.5885
AFIB,Normal,0.5751
AFIB,Normal,0.6016
AFIB,Normal,0.5857
AFIB,Normal,0.5925
AFIB,Normal,0.6018
AFIB,Normal,0.5685
AFIB,Normal,0.5989
AFIB,Normal,0.5992
AFIB,Normal,0.536
AFIB,Normal,0.5492
AFIB,Normal,0.6489
AFIB,Normal,0.6077
AFIB,Normal,0.559
AFIB,Normal,0.5579
AFIB,Normal,0.5136
AFIB,Normal,0.5627
AFIB,Normal,0.595
AFIB,Normal,0.5953
AFIB,Normal,0.6132
AFIB,Normal,0.5678
AFIB,Normal,0.6135
AFIB,Normal,0.6352
AFIB,Normal,0.6222
AFIB,Normal,0.5762
AFIB,Normal,0.5585
AFIB,Normal,0.594
AFIB,Normal,0.6092
AFIB,Normal,0.6018
AFIB,Normal,0.571
AFIB,Normal,0.6208
AFIB,Normal,0.6046
AFIB,Normal,0.5848
AFIB,Normal,0.6122
AFIB,Normal,0.6494
AFIB,Normal,0.6374
AFIB,Normal,0.5993
AFIB,Normal,0.598
AFIB,Normal,0.5861
AFIB,Normal,0.5889
AFIB,Normal,0.5796
AFIB,Normal,0.597
AFIB,Normal,0.6223
AFIB,Normal,0.6077
AFIB,Normal,0.5673
AFIB,Normal,0.5384
AFIB,Normal,0.5879
AFIB,Normal,0.6096
AFIB,Normal,0.6103
AFIB,Normal,0.6086
AFIB,Normal,0.6292
AFIB,Normal,0.6384
AFIB,Normal,0.5935
AFIB,Normal,0.6059
AFIB,Normal,0.603
AFIB,Normal,0.5672
AFIB,Normal,0.566
AFIB,Normal,0.598
AFIB,Normal,0.6349
AFIB,Normal,0.5888
AFIB,Normal,0.6037
AFIB,Normal,0.5905
AFIB,Normal,0.6013
AFIB,Normal,0.613
AFIB,Normal,0.6177
AFIB,Normal,0.6091
AFIB,Normal,0.6132
AFIB,Normal,0.6206
AFIB,Normal,0.537
AFIB,Normal,0.5437
AFIB,Normal,0.6135
AFIB,Normal,0.6352
AFIB,Normal,0.5866
AFIB,Normal,0.5892
AFIB,Normal,0.604
AFIB,Normal,0.5732
AFIB,Normal,0.6127
AFIB,Normal,0.5638
AFIB,Normal,0.5701
AFIB,Normal,0.5951
AFIB,Normal,0.5731
AFIB,Normal,0.605
AFIB,Normal,0.6259
AFIB,Normal,0.5955
AFIB,Normal,0.5327
AFIB,Normal,0.5486
AFIB,Normal,0.589
AFIB,Normal,0.5859
AFIB,Normal,0.5614
AFIB,Normal,0.5553
AFIB,Normal,0.5958
AFIB,Normal,0.6091
AFIB,Normal,0.5742
AFIB,Normal,0.5833
AFIB,Normal,0.6099
AFIB,Normal,0.5499
AFIB,Normal,0.5508
AFIB,Normal,0.5603
AFIB,Normal,0.5208
AFIB,Normal,0.5254
AFIB,Normal,0.5745
AFIB,Normal,0.5847
AFIB,Normal,0.5777
AFIB,Normal,0.58
AFIB,Normal,0.5414
AFIB,Normal,0.6132
AFIB,Normal,0.6367
AFIB,Normal,0.5861
AFIB,Normal,0.5655
AFIB,Normal,0.6052
AFIB,Normal,0.609
AFIB,Normal,0.585
AFIB,Normal,0.6201
AFIB,Normal,0.5927
AFIB,Normal,0.5996
AFIB,Normal,0.5565
AFIB,Normal,0.5194
AFIB,Normal,0.6005
AFIB,Normal,0.6484
AFIB,Normal,0.6006
AFIB,Normal,0.5662
AFIB,Normal,0.5892
AFIB,Normal,0.6006
AFIB,Normal,0.6316
AFIB,Normal,0.5876
AFIB,Normal,0.5718
AFIB,Normal,0.5638
AFIB,Normal,0.5345
AFIB,Normal,0.5184
AFIB,Normal,0.5923
AFIB,Normal,0.6075
AFIB,Normal,0.5793
AFIB,Normal,0.5824
AFIB,Normal,0.5353
AFIB,Normal,0.5574
AFIB,Normal,0.5776
AFIB,Normal,0.5629
AFIB,Normal,0.5954
AFIB,Normal,0.5794
AFIB,Normal,0.5684
AFIB,Normal,0.5403
AFIB,Normal,0.5883
AFIB,Normal,0.5892
AFIB,Normal,0.5576
AFIB,Normal,0.5942
AFIB,Normal,0.5292
AFIB,Normal,0.5315
AFIB,Normal,0.5323
AFIB,Normal,0.5328
AFIB,Normal,0.5523
AFIB,Normal,0.5842
AFIB,Normal,0.5786
AFIB,Normal,0.5506
AFIB,Normal,0.5887
AFIB,Normal,0.5375
AFIB,Normal,0.5801
AFIB,Normal,0.5583
AFIB,Normal,0.5326
AFIB,Normal,0.5753
AFIB,Normal,0.5623
AFIB,Normal,0.5283
AFIB,Normal,0.5145
AFIB,Normal,0.5714
AFIB,Normal,0.583
AFIB,Normal,0.568
AFIB,Normal,0.6305
AFIB,Normal,0.6086
AFIB,Normal,0.5819
AFIB,Normal,0.5914
AFIB,Normal,0.6301
AFIB,Normal,0.5913
AFIB,Normal,0.5902
AFIB,Normal,0.6168
AFIB,Normal,0.6414
AFIB,Normal,0.6251
AFIB,Normal,0.5648
AFIB,Normal,0.553
AFIB,Normal,0.6115
AFIB,Normal,0.6483
AFIB,Normal,0.6082
AFIB,Normal,0.6045
AFIB,Normal,0.6299
AFIB,Normal,0.6124
AFIB,Normal,0.6032
AFIB,Normal,0.596
AFIB,Normal,0.6151
AFIB,Normal,0.605
AFIB,Normal,0.5325
AFIB,Normal,0.5833
AFIB,Normal,0.6218
AFIB,Normal,0.5601
AFIB,Normal,0.5714
AFIB,Normal,0.5788
AFIB,Normal,0.5756
AFIB,Normal,0.6056
AFIB,Normal,0.596
AFIB,Normal,0.594
AFIB,Normal,0.6142
AFIB,Normal,0.6195
AFIB,Normal,0.5983
AFIB,Normal,0.5561
AFIB,Normal,0.6009
AFIB,Normal,0.5997
AFIB,Normal,0.5844
AFIB,Normal,0.5451
AFIB,Normal,0.5562
AFIB,Normal,0.6061
AFIB,Normal,0.5738
AFIB,Normal,0.5877
AFIB,Normal,0.5818
AFIB,Normal,0.5807
AFIB,Normal,0.5145
AFIB,Normal,0.5523
AFIB,Normal,0.6413
AFIB,Normal,0.6188
AFIB,Normal,0.6137
AFIB,Normal,0.5496
AFIB,Normal,0.5528
AFIB,Normal,0.5826
AFIB,Normal,0.5996
AFIB,Normal,0.5491
AFIB,Normal,0.5477
AFIB,Normal,0.6247
AFIB,Normal,0.5864
AFIB,Normal,0.5963
AFIB,Normal,0.612
AFIB,Normal,0.6102
AFIB,Normal,0.5604
AFIB,Normal,0.5205
AFIB,Normal,0.5973
AFIB,Normal,0.5432
AFIB,Normal,0.5617
AFIB,Normal,0.6045
AFIB,Normal,0.5231
AFIB,Normal,0.5072
AFIB,Normal,0.593
AFIB,Normal,0.6055
AFIB,Normal,0.5808
AFIB,Normal,0.6061
AFIB,Normal,0.5991
AFIB,Normal,0.6332
AFIB,Normal,0.6252
AFIB,Normal,0.5986
AFIB,Normal,0.6165
AFIB,Normal,0.6079
AFIB,Normal,0.5734
AFIB,Normal,0.5282
AFIB,Normal,0.6041
AFIB,Normal,0.5886
AFIB,Normal,0.5728
AFIB,Normal,0.582
AFIB,Normal,0.5803
AFIB,Normal,0.6052
AFIB,Normal,0.6177
AFIB,Normal,0.6378
AFIB,Normal,0.5984
AFIB,Normal,0.6182
AFIB,Normal,0.5691
AFIB,Normal,0.5632
AFIB,Normal,0.6091
AFIB,Normal,0.6105
AFIB,Normal,0.5737
AFIB,Normal,0.5937
AFIB,Normal,0.599
AFIB,Normal,0.6085
AFIB,Normal,0.6163
AFIB,Normal,0.5872
AFIB,Normal,0.6166
AFIB,Normal,0.5404
AFIB,Normal,0.5389
AFIB,Normal,0.6036
AFIB,Normal,0.6365
AFIB,Normal,0.5875
AFIB,Normal,0.544
AFIB,Normal,0.5537
AFIB,Normal,0.5381
AFIB,Normal,0.5463
AFIB,Normal,0.5679
AFIB,Normal,0.5836
AFIB,Normal,0.6068
AFIB,Normal,0.5713
AFIB,Normal,0.5974
AFIB,Normal,0.6138
AFIB,Normal,0.5949
AFIB,Normal,0.5561
AFIB,Normal,0.5671
AFIB,Normal,0.5505
AFIB,Normal,0.5747
AFIB,Normal,0.5794
AFIB,Normal,0.5269
AFIB,Normal,0.5607
AFIB,Normal,0.5887
AFIB,Normal,0.5735
AFIB,Normal,0.5513
AFIB,Normal,0.6234
AFIB,Normal,0.613
AFIB,Normal,0.5937
AFIB,Normal,0.5882
AFIB,Normal,0.5516
AFIB,Normal,0.581
AFIB,Normal,0.5905
AFIB,Normal,0.6116
AFIB,Normal,0.6273
AFIB,Normal,0.5994
AFIB,Normal,0.5991
AFIB,Normal,0.5449
AFIB,Normal,0.629
AFIB,Normal,0.6124
AFIB,Normal,0.5769
AFIB,Normal,0.5911
AFIB,Normal,0.6112
AFIB,Normal,0.5935
AFIB,Normal,0.6003
AFIB,Normal,0.6261
AFIB,Normal,0.6002
AFIB,Normal,0.5826
AFIB,Normal,0.5545
AFIB,Normal,0.562
AFIB,Normal,0.6031
AFIB,Normal,0.5972
AFIB,Normal,0.6342
AFIB,Normal,0.6113
AFIB,Normal,0.6263
AFIB,Normal,0.5696
AFIB,Normal,0.5713
AFIB,Normal,0.5616
AFIB,Normal,0.5827
AFIB,Normal,0.6058
AFIB,Normal,0.5681
AFIB,Normal,0.5335
AFIB,Normal,0.6248
AFIB,Normal,0.6287
AFIB,Normal,0.5717
AFIB,Normal,0.5197
AFIB,Normal,0.5046
AFIB,Normal,0.5768
AFIB,Normal,0.6045
AFIB,Normal,0.5959
AFIB,Normal,0.5993
AFIB,Normal,0.57
AFIB,Normal,0.5634
AFIB,Normal,0.5695
AFIB,Normal,0.6333
AFIB,Normal,0.5983
AFIB,Normal,0.581
AFIB,Normal,0.6068
AFIB,Normal,0.5846
AFIB,Normal,0.614
AFIB,Normal,0.5798
AFIB,Normal,0.5572
AFIB,Normal,0.5567
AFIB,Normal,0.5607
AFIB,Normal,0.5705
AFIB,Normal,0.6113
AFIB,Normal,0.6076
AFIB,Normal,0.5481
AFIB,Normal,0.542
AFIB,Normal,0.5471
AFIB,Normal,0.5386
AFIB,Normal,0.5737
AFIB,Normal,0.5812
AFIB,Normal,0.6012
AFIB,Normal,0.5911
AFIB,Normal,0.5844
AFIB,Normal,0.5706
AFIB,Normal,0.5449
AFIB,Normal,0.5881
AFIB,Normal,0.5719
AFIB,Normal,0.5632
AFIB,Normal,0.5799
AFIB,Normal,0.5837
AFIB,Normal,0.5788
AFIB,Normal,0.6049
AFIB,Normal,0.625
AFIB,Normal,0.614
AFIB,Normal,0.6084
AFIB,Normal,0.5905
AFIB,Normal,0.5659
AFIB,Normal,0.5981
AFIB,Normal,0.5952
AFIB,Normal,0.6184
AFIB,Normal,0.6159
AFIB,Normal,0.6328
AFIB,Normal,0.6052
AFIB,Normal,0.5855
AFIB,Normal,0.5994
AFIB,Normal,0.6119
AFIB,Normal,0.5916
AFIB,Normal,0.6133
AFIB,Normal,0.5929
AFIB,Normal,0.5948
Normal,AFIB,0.5149
AFIB,Normal,0.5248
AFIB,Normal,0.8486
AFIB,Normal,0.8305
Normal,AFIB,0.5511
AFIB,Normal,0.6505
AFIB,Normal,0.5604
AFIB,Normal,0.5454
AFIB,Normal,0.5502
AFIB,Normal,0.5526
AFIB,Normal,0.5503
AFIB,Normal,0.5513
AFIB,Normal,0.554
AFIB,Normal,0.5516
AFIB,Normal,0.5505
AFIB,Normal,0.5549
AFIB,Normal,0.555
AFIB,Normal,0.5508
AFIB,Normal,0.5549
AFIB,Normal,0.5611
AFIB,Normal,0.5575
AFIB,Normal,0.5552
AFIB,Normal,0.5567
AFIB,Normal,0.5569
AFIB,Normal,0.5573
AFIB,Normal,0.5567
AFIB,Normal,0.5559
AFIB,Normal,0.557
AFIB,Normal,0.5538
AFIB,Normal,0.548
AFIB,Normal,0.5468
AFIB,Normal,0.55
AFIB,Normal,0.5544
AFIB,Normal,0.5553
AFIB,Normal,0.5528
AFIB,Normal,0.5546
AFIB,Normal,0.5559
AFIB,Normal,0.5529
AFIB,Normal,0.5509
AFIB,Normal,0.5538
AFIB,Normal,0.5546
AFIB,Normal,0.5511
AFIB,Normal,0.5493
AFIB,Normal,0.5512
AFIB,Normal,0.5567
AFIB,Normal,0.5589
AFIB,Normal,0.5576
AFIB,Normal,0.5548
AFIB,Normal,0.5531
AFIB,Normal,0.5545
AFIB,Normal,0.5483
AFIB,Normal,0.5452
AFIB,Normal,0.549
AFIB,Normal,0.5553
AFIB,Normal,0.5566
AFIB,Normal,0.5565
AFIB,Normal,0.5556
AFIB,Normal,0.5576
AFIB,Normal,0.5628
AFIB,Normal,0.5564
AFIB,Normal,0.5541
AFIB,Normal,0.5548
AFIB,Normal,0.5536
AFIB,Normal,0.5537
AFIB,Normal,0.5493
AFIB,Normal,0.5513
AFIB,Normal,0.5585
AFIB,Normal,0.5595
AFIB,Normal,0.5565
AFIB,Normal,0.5526
AFIB,Normal,0.552
AFIB,Normal,0.5529
AFIB,Normal,0.5544
AFIB,Normal,0.5559
AFIB,Normal,0.5521
AFIB,Normal,0.5483
AFIB,Normal,0.5514
AFIB,Normal,0.5551
AFIB,Normal,0.5566
AFIB,Normal,0.5575
AFIB,Normal,0.5559
AFIB,Normal,0.5561
AFIB,Normal,0.5601
AFIB,Normal,0.5593
AFIB,Normal,0.5565
AFIB,Normal,0.5584
AFIB,Normal,0.5587
AFIB,Normal,0.5574
AFIB,Normal,0.5535
AFIB,Normal,0.5488
AFIB,Normal,0.5525
AFIB,Normal,0.5571
AFIB,Normal,0.556
AFIB,Normal,0.5546
AFIB,Normal,0.5558
AFIB,Normal,0.5566
AFIB,Normal,0.5566
AFIB,Normal,0.5581
AFIB,Normal,0.557
AFIB,Normal,0.552
AFIB,Normal,0.5534
AFIB,Normal,0.5542
AFIB,Normal,0.5514
AFIB,Normal,0.5534
AFIB,Normal,0.5548
AFIB,Normal,0.5558
AFIB,Normal,0.5543
AFIB,Normal,0.5697
AFIB,Normal,0.5773
AFIB,Normal,0.6432
AFIB,Normal,0.6537
AFIB,Normal,0.6007
AFIB,Normal,0.5964
AFIB,Normal,0.5434
AFIB,Normal,0.5174
AFIB,Normal,0.5296
AFIB,Normal,0.5837
AFIB,Normal,0.5873
AFIB,Normal,0.5009
AFIB,Normal,0.6665
AFIB,Normal,0.5804
AFIB,Normal,0.6064
AFIB,Normal,0.5996
AFIB,Normal,0.6329
AFIB,Normal,0.687
AFIB,Normal,0.6767
AFIB,Normal,0.7014
AFIB,Normal,0.7218
AFIB,Normal,0.7535
AFIB,Normal,0.6518
AFIB,Normal,0.6907
AFIB,Normal,0.6855
AFIB,Normal,0.6469
AFIB,Normal,0.6906
AFIB,Normal,0.7061
AFIB,Normal,0.6688
AFIB,Normal,0.6193
AFIB,Normal,0.594
AFIB,Normal,0.5923
AFIB,Normal,0.5909
AFIB,Normal,0.6473
AFIB,Normal,0.6349
AFIB,Normal,0.6076
AFIB,Normal,0.5393
AFIB,Normal,0.7115
AFIB,Normal,0.6656
AFIB,Normal,0.6534
AFIB,Normal,0.6907
AFIB,Normal,0.6987
AFIB,Normal,0.7604
AFIB,Normal,0.8004
AFIB,Normal,0.7028
AFIB,Normal,0.664
AFIB,Normal,0.7302
AFIB,Normal,0.7138
AFIB,Normal,0.6294
AFIB,Normal,0.6488
AFIB,Normal,0.7945
AFIB,Normal,0.8146
AFIB,Normal,0.8075
AFIB,Normal,0.8279
AFIB,Normal,0.7959
AFIB,Normal,0.815
AFIB,Normal,0.7892
AFIB,Normal,0.7498
AFIB,Normal,0.832
AFIB,Normal,0.8874
AFIB,Normal,0.7564
AFIB,Normal,0.7252
AFIB,Normal,0.7544
AFIB,Normal,0.8393
AFIB,Normal,0.8412
AFIB,Normal,0.8451
AFIB,Normal,0.7859
AFIB,Normal,0.6979
AFIB,Normal,0.6745
AFIB,Normal,0.6964
AFIB,Normal,0.6582
AFIB,Normal,0.6691
AFIB,Normal,0.6685
AFIB,Normal,0.691
AFIB,Normal,0.6842
AFIB,Normal,0.5846
AFIB,Normal,0.6442
AFIB,Normal,0.6974
AFIB,Normal,0.6305
AFIB,Normal,0.5944
AFIB,Normal,0.5863
AFIB,Normal,0.6196
AFIB,Normal,0.6004
AFIB,Normal,0.5298
AFIB,Normal,0.5978
AFIB,Normal,0.5914
AFIB,Normal,0.7705
AFIB,Normal,0.7327
AFIB,Normal,0.6862
AFIB,Normal,0.72
AFIB,Normal,0.7086
AFIB,Normal,0.6174
AFIB,Normal,0.6881
AFIB,Normal,0.7284
AFIB,Normal,0.7405
AFIB,Normal,0.7803
AFIB,Normal,0.7575
AFIB,Normal,0.7732
AFIB,Normal,0.7656
AFIB,Normal,0.7429
AFIB,Normal,0.7368
AFIB,Normal,0.7517
AFIB,Normal,0.7717
AFIB,Normal,0.7789
AFIB,Normal,0.7571
AFIB,Normal,0.7351
AFIB,Normal,0.7413
AFIB,Normal,0.7153
AFIB,Normal,0.717
AFIB,Normal,0.7644
AFIB,Normal,0.7618
AFIB,Normal,0.7442
AFIB,Normal,0.7412
AFIB,Normal,0.7644
AFIB,Normal,0.7269
AFIB,Normal,0.7336
AFIB,Normal,0.7596
AFIB,Normal,0.7586
AFIB,Normal,0.767
AFIB,Normal,0.7844
AFIB,Normal,0.799
AFIB,Normal,0.7798
AFIB,Normal,0.7264
AFIB,Normal,0.7296
AFIB,Normal,0.7006
AFIB,Normal,0.6103
AFIB,Normal,0.6305
AFIB,Normal,0.7549
AFIB,Normal,0.7197
AFIB,Normal,0.7581
AFIB,Normal,0.7955
AFIB,Normal,0.7745
AFIB,Normal,0.8213
AFIB,Normal,0.8197
AFIB,Normal,0.7817
AFIB,Normal,0.7411
AFIB,Normal,0.6422
AFIB,Normal,0.598
AFIB,Normal,0.5644
AFIB,Normal,0.5976
AFIB,Normal,0.5987
AFIB,Normal,0.6269
AFIB,Normal,0.6459
AFIB,Normal,0.6351
AFIB,Normal,0.6048
AFIB,Normal,0.5738
AFIB,Normal,0.6275
AFIB,Normal,0.5918
AFIB,Normal,0.7608
AFIB,Normal,0.7725
AFIB,Normal,0.7864
AFIB,Normal,0.7658
AFIB,Normal,0.7955
AFIB,Normal,0.8076
AFIB,Normal,0.7548
AFIB,Normal,0.7635
AFIB,Normal,0.8062
AFIB,Normal,0.7766
AFIB,Normal,0.7864
AFIB,Normal,0.7769
AFIB,Normal,0.733
AFIB,Normal,0.7427
AFIB,Normal,0.7506
AFIB,Normal,0.6815
AFIB,Normal,0.7125
AFIB,Normal,0.7099
AFIB,Normal,0.6794
AFIB,Normal,0.68
AFIB,Normal,0.6521
AFIB,Normal,0.598
AFIB,Normal,0.5742
AFIB,Normal,0.5419
AFIB,Normal,0.5338
AFIB,Normal,0.7552
AFIB,Normal,0.73
AFIB,Normal,0.7916
AFIB,Normal,0.8371
AFIB,Normal,0.8404
AFIB,Normal,0.8399
AFIB,Normal,0.826
AFIB,Normal,0.8038
AFIB,Normal,0.7859
AFIB,Normal,0.7304
AFIB,Normal,0.6482
AFIB,Normal,0.6437
AFIB,Normal,0.7284
AFIB,Normal,0.8104
AFIB,Normal,0.7927
AFIB,Normal,0.8091
AFIB,Normal,0.8364
AFIB,Normal,0.8369
AFIB,Normal,0.8234
AFIB,Normal,0.7936
AFIB,Normal,0.8175
AFIB,Normal,0.806
AFIB,Normal,0.8252
AFIB,Normal,0.7737
AFIB,Normal,0.789
AFIB,Normal,0.8354
AFIB,Normal,0.8245
AFIB,Normal,0.8074
AFIB,Normal,0.7647
AFIB,Normal,0.7005
AFIB,Normal,0.5101
AFIB,Normal,0.5027
AFIB,Normal,0.7125
AFIB,Normal,0.7566
AFIB,Normal,0.7533
AFIB,Normal,0.7356
AFIB,Normal,0.7748
AFIB,Normal,0.7684
AFIB,Normal,0.7534
AFIB,Normal,0.7686
AFIB,Normal,0.7471
AFIB,Normal,0.7684
AFIB,Normal,0.7706
AFIB,Normal,0.7365
AFIB,Normal,0.8152
AFIB,Normal,0.8366
AFIB,Normal,0.8107
AFIB,Normal,0.8298
AFIB,Normal,0.8152
AFIB,Normal,0.7911
AFIB,Normal,0.7675
AFIB,Normal,0.7158
AFIB,Normal,0.7427
AFIB,Normal,0.7033
AFIB,Normal,0.69
AFIB,Normal,0.7483
AFIB,Normal,0.7389
AFIB,Normal,0.7018
AFIB,Normal,0.7118
AFIB,Normal,0.6812
AFIB,Normal,0.5749
AFIB,Normal,0.6133
AFIB,Normal,0.6181
AFIB,Normal,0.6009
AFIB,Normal,0.588
AFIB,Normal,0.5896
AFIB,Normal,0.5794
AFIB,Normal,0.5661
AFIB,Normal,0.5505
AFIB,Normal,0.5682
AFIB,Normal,0.5822
AFIB,Normal,0.6352
AFIB,Normal,0.6518
AFIB,Normal,0.6337
AFIB,Normal,0.6818
AFIB,Normal,0.7171
AFIB,Normal,0.586
AFIB,Normal,0.604
AFIB,Normal,0.6187
AFIB,Normal,0.5623
AFIB,Normal,0.5453
AFIB,Normal,0.5967
AFIB,Normal,0.6597
AFIB,Normal,0.674
AFIB,Normal,0.6095
AFIB,Normal,0.5784
AFIB,Normal,0.5837
AFIB,Normal,0.5781
AFIB,Normal,0.5256
AFIB,Normal,0.5017
AFIB,Normal,0.5456
AFIB,Normal,0.6336
AFIB,Normal,0.6574
AFIB,Normal,0.6197
AFIB,Normal,0.623
AFIB,Normal,0.6774
AFIB,Normal,0.7127
AFIB,Normal,0.7024
AFIB,Normal,0.7166
AFIB,Normal,0.731
AFIB,Normal,0.692
AFIB,Normal,0.6742
AFIB,Normal,0.6441
AFIB,Normal,0.6578
AFIB,Normal,0.6867
AFIB,Normal,0.6872
AFIB,Normal,0.7484
AFIB,Normal,0.6633
AFIB,Normal,0.6164
AFIB,Normal,0.5469
AFIB,Normal,0.5741
AFIB,Normal,0.584
AFIB,Normal,0.5977
AFIB,Normal,0.5564
AFIB,Normal,0.5067
AFIB,Normal,0.7146
AFIB,Normal,0.5555
AFIB,Normal,0.6973
AFIB,Normal,0.6981
AFIB,Normal,0.7105
AFIB,Normal,0.7475
AFIB,Normal,0.7971
AFIB,Normal,0.7762
AFIB,Normal,0.7055
AFIB,Normal,0.7203
AFIB,Normal,0.7379
AFIB,Normal,0.71
AFIB,Normal,0.7535
AFIB,Normal,0.7475
AFIB,Normal,0.7065
AFIB,Normal,0.6438
AFIB,Normal,0.6921
AFIB,Normal,0.751
AFIB,Normal,0.7025
AFIB,Normal,0.7228
AFIB,Normal,0.7368
AFIB,Normal,0.7285
AFIB,Normal,0.7142
AFIB,Normal,0.7699
AFIB,Normal,0.8029
AFIB,Normal,0.8903
AFIB,Normal,0.8845
AFIB,Normal,0.8352
AFIB,Normal,0.8799
AFIB,Normal,0.8389
AFIB,Normal,0.852
AFIB,Normal,0.8201
AFIB,Normal,0.7891
AFIB,Normal,0.8174
AFIB,Normal,0.8645
AFIB,Normal,0.8688
AFIB,Normal,0.8393
AFIB,Normal,0.8467
AFIB,Normal,0.8511
AFIB,Normal,0.7624
AFIB,Normal,0.7796
AFIB,Normal,0.7671
AFIB,Normal,0.7445
AFIB,Normal,0.7569
AFIB,Normal,0.7377
AFIB,Normal,0.7233
AFIB,Normal,0.7179
AFIB,Normal,0.7803
AFIB,Normal,0.7758
AFIB,Normal,0.7338
AFIB,Normal,0.8989
AFIB,Normal,0.9183
AFIB,Normal,0.8573
AFIB,Normal,0.8012
AFIB,Normal,0.8574
AFIB,Normal,0.7686
AFIB,Normal,0.8469
AFIB,Normal,0.881
AFIB,Normal,0.8142
AFIB,Normal,0.8423
AFIB,Normal,0.8116
AFIB,Normal,0.8293
AFIB,Normal,0.8246
AFIB,Normal,0.7518
AFIB,Normal,0.7525
AFIB,Normal,0.8661
AFIB,Normal,0.7535
AFIB,Normal,0.7064
AFIB,Normal,0.7048
AFIB,Normal,0.6915
AFIB,Normal,0.7436
AFIB,Normal,0.7601
AFIB,Normal,0.7692
AFIB,Normal,0.7252
AFIB,Normal,0.7059
AFIB,Normal,0.7034
AFIB,Normal,0.6863
AFIB,Normal,0.6414
AFIB,Normal,0.6821
AFIB,Normal,0.6642
AFIB,Normal,0.6821
AFIB,Normal,0.6366
AFIB,Normal,0.6259
AFIB,Normal,0.6729
AFIB,Normal,0.7926
AFIB,Normal,0.8532
AFIB,Normal,0.8561
AFIB,Normal,0.803
AFIB,Normal,0.7474
AFIB,Normal,0.8049
AFIB,Normal,0.7798
AFIB,Normal,0.6674
AFIB,Normal,0.6996
AFIB,Normal,0.6455
AFIB,Normal,0.5946
AFIB,Normal,0.5992
AFIB,Normal,0.5194
AFIB,Normal,0.5869
AFIB,Normal,0.5448
AFIB,Normal,0.5179
AFIB,Normal,0.5234
AFIB,Normal,0.5559
AFIB,Normal,0.5296
AFIB,Normal,0.5452
AFIB,Normal,0.5912
AFIB,Normal,0.5221
AFIB,Normal,0.6321
AFIB,Normal,0.5452
AFIB,Normal,0.5468
AFIB,Normal,0.5615
AFIB,Normal,0.5164
AFIB,Normal,0.5249
AFIB,Normal,0.564
AFIB,Normal,0.5107
AFIB,Normal,0.5937
AFIB,Normal,0.6102
AFIB,Normal,0.5074
AFIB,Normal,0.5399
AFIB,Normal,0.5862
AFIB,Normal,0.535
AFIB,Normal,0.5277
AFIB,Normal,0.5673
AFIB,Normal,0.5789
AFIB,Normal,0.6469
AFIB,Normal,0.5089
AFIB,Normal,0.5717
AFIB,Normal,0.5408
AFIB,Normal,0.5041
AFIB,Normal,0.5518
AFIB,Normal,0.5371
AFIB,Normal,0.5868
AFIB,Normal,0.5961
AFIB,Normal,0.5093
AFIB,Normal,0.6126
AFIB,Normal,0.5131
AFIB,Normal,0.5171
AFIB,Normal,0.6173
AFIB,Normal,0.5128
AFIB,Normal,0.5881
AFIB,Normal,0.5381
AFIB,Normal,0.5021
AFIB,Normal,0.5893
AFIB,Normal,0.5626
AFIB,Normal,0.5231
AFIB,Normal,0.5933
AFIB,Normal,0.5212
AFIB,Normal,0.5087
AFIB,Normal,0.5888
AFIB,Normal,0.5626
AFIB,Normal,0.5557
AFIB,Normal,0.5632
AFIB,Normal,0.5452
AFIB,Normal,0.5056
AFIB,Normal,0.6
AFIB,Normal,0.5332
AFIB,Normal,0.5707
AFIB,Normal,0.5666
AFIB,Normal,0.5855
AFIB,Normal,0.598
AFIB,Normal,0.5558
AFIB,Normal,0.5427
AFIB,Normal,0.5726
AFIB,Normal,0.5801
AFIB,Normal,0.6252
AFIB,Normal,0.5942
AFIB,Normal,0.5922
AFIB,Normal,0.501
AFIB,Normal,0.581
AFIB,Normal,0.507
AFIB,Normal,0.5588
AFIB,Normal,0.5902
AFIB,Normal,0.5442
AFIB,Normal,0.5281
AFIB,Normal,0.5836
AFIB,Normal,0.5231
AFIB,Normal,0.6162
AFIB,Normal,0.5953
AFIB,Normal,0.528
AFIB,Normal,0.5304
AFIB,Normal,0.5892
AFIB,Normal,0.544
AFIB,Normal,0.5396
AFIB,Normal,0.6372
AFIB,Normal,0.5939
AFIB,Normal,0.5913
AFIB,Normal,0.5508
AFIB,Normal,0.5817
AFIB,Normal,0.5776
AFIB,Normal,0.5079
AFIB,Normal,0.5321
AFIB,Normal,0.5861
AFIB,Normal,0.6232
AFIB,Normal,0.6548
AFIB,Normal,0.572
AFIB,Normal,0.5813
AFIB,Normal,0.5368
AFIB,Normal,0.5649
AFIB,Normal,0.5698
AFIB,Normal,0.5049
AFIB,Normal,0.5143
AFIB,Normal,0.5878
AFIB,Normal,0.5313
AFIB,Normal,0.6193
AFIB,Normal,0.5052
AFIB,Normal,0.5076
AFIB,Normal,0.5563
AFIB,Normal,0.5727
AFIB,Normal,0.533
AFIB,Normal,0.5535
AFIB,Normal,0.6276
AFIB,Normal,0.534
AFIB,Normal,0.5135
AFIB,Normal,0.5308
AFIB,Normal,0.5357
AFIB,Normal,0.5335
AFIB,Normal,0.6256
AFIB,Normal,0.5149
AFIB,Normal,0.6151
AFIB,Normal,0.5997
AFIB,Normal,0.5267
AFIB,Normal,0.5387
AFIB,Normal,0.5269
AFIB,Normal,0.5768
AFIB,Normal,0.5075
AFIB,Normal,0.5461
AFIB,Normal,0.5155
AFIB,Normal,0.5218
AFIB,Normal,0.5185
AFIB,Normal,0.524
AFIB,Normal,0.5115
AFIB,Normal,0.5589
AFIB,Normal,0.5231
AFIB,Normal,0.5901
AFIB,Normal,0.5982
AFIB,Normal,0.5333
AFIB,Normal,0.5859
AFIB,Normal,0.5578
AFIB,Normal,0.5641
AFIB,Normal,0.5477
AFIB,Normal,0.5001
AFIB,Normal,0.5342
AFIB,Normal,0.516
AFIB,Normal,0.6174
AFIB,Normal,0.6193
AFIB,Normal,0.6474
AFIB,Normal,0.6422
AFIB,Normal,0.6793
AFIB,Normal,0.6137
AFIB,Normal,0.5958
AFIB,Normal,0.5783
AFIB,Normal,0.5306
AFIB,Normal,0.5843
AFIB,Normal,0.5602
AFIB,Normal,0.5768
AFIB,Normal,0.6087
AFIB,Normal,0.5237
AFIB,Normal,0.5091
AFIB,Normal,0.598
AFIB,Normal,0.6088
AFIB,Normal,0.6328
AFIB,Normal,0.5062
AFIB,Normal,0.5076
AFIB,Normal,0.5188
AFIB,Normal,0.5075
AFIB,Normal,0.5838
AFIB,Normal,0.6271
AFIB,Normal,0.5455
AFIB,Normal,0.5361
AFIB,Normal,0.6776
AFIB,Normal,0.6612
AFIB,Normal,0.627
AFIB,Normal,0.5962
AFIB,Normal,0.5952
AFIB,Normal,0.547
AFIB,Normal,0.5124
AFIB,Normal,0.5906
AFIB,Normal,0.5122
AFIB,Normal,0.5073
AFIB,Normal,0.5357
AFIB,Normal,0.5343
AFIB,Normal,0.5386
AFIB,Normal,0.6112
AFIB,Normal,0.5419
AFIB,Normal,0.5457
AFIB,Normal,0.6185
AFIB,Normal,0.5482
AFIB,Normal,0.6151
AFIB,Normal,0.5101
AFIB,Normal,0.5801
AFIB,Normal,0.7271
AFIB,Normal,0.7464
AFIB,Normal,0.5236
AFIB,Normal,0.5067
AFIB,Normal,0.6339
AFIB,Normal,0.8592
AFIB,Normal,0.9217
AFIB,Normal,0.9209
AFIB,Normal,0.7367
AFIB,Normal,0.5619
AFIB,Normal,0.5062
AFIB,Normal,0.5339
AFIB,Normal,0.7727
AFIB,Normal,0.8411
AFIB,Normal,0.9159
AFIB,Normal,0.7024
AFIB,Normal,0.5331
AFIB,Normal,0.7804
AFIB,Normal,0.6869
AFIB,Normal,0.7051
AFIB,Normal,0.7459
AFIB,Normal,0.5792
AFIB,Normal,0.5719
AFIB,Normal,0.5381
AFIB,Normal,0.5367
AFIB,Normal,0.5732
AFIB,Normal,0.5986
AFIB,Normal,0.5607
AFIB,Normal,0.5237
AFIB,Normal,0.5095
AFIB,Normal,0.615
AFIB,Normal,0.5657
AFIB,Normal,0.5512
AFIB,Normal,0.5031
AFIB,Normal,0.6078
AFIB,Normal,0.5626
AFIB,Normal,0.6056
AFIB,Normal,0.5124
AFIB,Normal,0.5158
AFIB,Normal,0.524
AFIB,Normal,0.5775
AFIB,Normal,0.5085
AFIB,Normal,0.5756
AFIB,Normal,0.5387
AFIB,Normal,0.598
AFIB,Normal,0.5203
AFIB,Normal,0.5054
AFIB,Normal,0.6299
AFIB,Normal,0.54
AFIB,Normal,0.5248
AFIB,Normal,0.5689
AFIB,Normal,0.5423
AFIB,Normal,0.5131
AFIB,Normal,0.5454
AFIB,Normal,0.5161
AFIB,Normal,0.5126
AFIB,Normal,0.5899
AFIB,Normal,0.5068
AFIB,Normal,0.56
AFIB,Normal,0.5184
AFIB,Normal,0.5667
AFIB,Normal,0.5206
AFIB,Normal,0.5759
AFIB,Normal,0.5143
AFIB,Normal,0.5038
AFIB,Normal,0.5123
AFIB,Normal,0.5278
AFIB,Normal,0.6169
AFIB,Normal,0.576
AFIB,Normal,0.5939
AFIB,Normal,0.5248
AFIB,Normal,0.5946
AFIB,Normal,0.527
AFIB,Normal,0.5155
AFIB,Normal,0.5099
AFIB,Normal,0.5057
AFIB,Normal,0.5857
AFIB,Normal,0.5819
AFIB,Normal,0.5263
AFIB,Normal,0.5811
AFIB,Normal,0.5065
AFIB,Normal,0.5039
AFIB,Normal,0.5346
AFIB,Normal,0.5309
AFIB,Normal,0.5061
AFIB,Normal,0.5368
AFIB,Normal,0.5133
AFIB,Normal,0.5264
AFIB,Normal,0.5153
AFIB,Normal,0.5356
AFIB,Normal,0.5174
AFIB,Normal,0.5024
AFIB,Normal,0.5534
AFIB,Normal,0.5389
AFIB,Normal,0.5374
AFIB,Normal,0.5088
AFIB,Normal,0.5373
AFIB,Normal,0.5633
AFIB,Normal,0.5048
AFIB,Normal,0.5008
AFIB,Normal,0.504
Normal,AFIB,0.5014
AFIB,Normal,0.5331
AFIB,Normal,0.5294
AFIB,Normal,0.5265
AFIB,Normal,0.5385
AFIB,Normal,0.5208
AFIB,Normal,0.5265
AFIB,Normal,0.5367
AFIB,Normal,0.5483
AFIB,Normal,0.5573
AFIB,Normal,0.5358
AFIB,Normal,0.5398
AFIB,Normal,0.5372
AFIB,Normal,0.5529
AFIB,Normal,0.5281
AFIB,Normal,0.5433
AFIB,Normal,0.574
AFIB,Normal,0.5747
AFIB,Normal,0.5356
AFIB,Normal,0.5374
AFIB,Normal,0.5343
AFIB,Normal,0.5497
AFIB,Normal,0.557
AFIB,Normal,0.5214
AFIB,Normal,0.5362
AFIB,Normal,0.5455
AFIB,Normal,0.5098
AFIB,Normal,0.5099
AFIB,Normal,0.5098
AFIB,Normal,0.5274
AFIB,Normal,0.5416
AFIB,Normal,0.5266
AFIB,Normal,0.507
AFIB,Normal,0.5049
AFIB,Normal,0.511
AFIB,Normal,0.5063
AFIB,Normal,0.5015
AFIB,Normal,0.5324
AFIB,Normal,0.5277
AFIB,Normal,0.591
AFIB,Normal,0.5546
AFIB,Normal,0.534
AFIB,Normal,0.5384
AFIB,Normal,0.5542
AFIB,Normal,0.5356
AFIB,Normal,0.512
AFIB,Normal,0.5559
AFIB,Normal,0.5005
AFIB,Normal,0.5023
AFIB,Normal,0.5202
AFIB,Normal,0.5089
AFIB,Normal,0.5167
AFIB,Normal,0.5247
AFIB,Normal,0.5191
Normal,AFIB,0.552
Normal,AFIB,0.5468
Normal,AFIB,0.5329
Normal,AFIB,0.5347
Normal,AFIB,0.5203
Normal,AFIB,0.5024
Normal,AFIB,0.5182
Normal,AFIB,0.5009
Normal,AFIB,0.5104
Normal,AFIB,0.5047
AFIB,Normal,0.5455
AFIB,Normal,0.5468
AFIB,Normal,0.5363
AFIB,Normal,0.5795
AFIB,Normal,0.5633
AFIB,Normal,0.5128
AFIB,Normal,0.5055
AFIB,Normal,0.5169
AFIB,Normal,0.5068
AFIB,Normal,0.5337
AFIB,Normal,0.5312
Normal,AFIB,0.5128
Normal,AFIB,0.5011
Normal,AFIB,0.5032
Normal,AFIB,0.5037
Normal,AFIB,0.5076
Normal,AFIB,0.5556
Normal,AFIB,0.5171
Normal,AFIB,0.5047
AFIB,Normal,0.5514
Normal,AFIB,0.5356
Normal,AFIB,0.5356
Normal,AFIB,0.54
Normal,AFIB,0.5324
Normal,AFIB,0.5014
Normal,AFIB,0.5005
Normal,AFIB,0.5023
Normal,AFIB,0.5344
Normal,AFIB,0.5029
Normal,AFIB,0.5037
Normal,AFIB,0.503
AFIB,Normal,0.5419
AFIB,Normal,0.5529
AFIB,Normal,0.5323
AFIB,Normal,0.5046
AFIB,Normal,0.5732
AFIB,Normal,0.5661
AFIB,Normal,0.5535
AFIB,Normal,0.5215
AFIB,Normal,0.5307
AFIB,Normal,0.5378
AFIB,Normal,0.5656
AFIB,Normal,0.5562
AFIB,Normal,0.5355
AFIB,Normal,0.5486
Normal,AFIB,0.5045
Normal,AFIB,0.5005
Normal,AFIB,0.5208
AFIB,Normal,0.5013
AFIB,Normal,0.5257
AFIB,Normal,0.5101
AFIB,Normal,0.5296
AFIB,Normal,0.5743
Normal,AFIB,0.5214
Normal,AFIB,0.5157
Normal,AFIB,0.512
Normal,AFIB,0.5379
Normal,AFIB,0.5274
Normal,AFIB,0.5361
Normal,AFIB,0.5054
Normal,AFIB,0.5441
Normal,AFIB,0.5366
Normal,AFIB,0.5246
AFIB,Normal,0.5058
AFIB,Normal,0.5251
AFIB,Normal,0.5205
AFIB,Normal,0.5442
AFIB,Normal,0.5082
AFIB,Normal,0.5097
AFIB,Normal,0.5179
AFIB,Normal,0.5238
AFIB,Normal,0.5189
AFIB,Normal,0.5057
AFIB,Normal,0.5132
AFIB,Normal,0.5108
AFIB,Normal,0.5165
AFIB,Normal,0.5575
AFIB,Normal,0.5012
AFIB,Normal,0.5098
AFIB,Normal,0.5221
AFIB,Normal,0.5135
AFIB,Normal,0.523
AFIB,Normal,0.5286
AFIB,Normal,0.5015
AFIB,Normal,0.51
AFIB,Normal,0.506
AFIB,Normal,0.5016
AFIB,Normal,0.5331
AFIB,Normal,0.5216
AFIB,Normal,0.5207
AFIB,Normal,0.518
AFIB,Normal,0.5007
AFIB,Normal,0.503
AFIB,Normal,0.5088
AFIB,Normal,0.5139
AFIB,Normal,0.543
AFIB,Normal,0.5287
AFIB,Normal,0.5211
AFIB,Normal,0.5174
AFIB,Normal,0.5146
AFIB,Normal,0.5135
AFIB,Normal,0.5096
AFIB,Normal,0.5146
AFIB,Normal,0.5116
AFIB,Normal,0.5304
AFIB,Normal,0.553
AFIB,Normal,0.5085
AFIB,Normal,0.5126
AFIB,Normal,0.5549
AFIB,Normal,0.5261
AFIB,Normal,0.5024
AFIB,Normal,0.5077
AFIB,Normal,0.5071
AFIB,Normal,0.5231
AFIB,Normal,0.5534
AFIB,Normal,0.532
AFIB,Normal,0.5169
AFIB,Normal,0.5219
AFIB,Normal,0.5399
AFIB,Normal,0.5344
AFIB,Normal,0.5243
AFIB,Normal,0.5137
AFIB,Normal,0.536
AFIB,Normal,0.5328
AFIB,Normal,0.5176
AFIB,Normal,0.509
AFIB,Normal,0.5008
AFIB,Normal,0.5081
AFIB,Normal,0.5324
AFIB,Normal,0.5469
AFIB,Normal,0.518
AFIB,Normal,0.5199
AFIB,Normal,0.543
AFIB,Normal,0.5194
AFIB,Normal,0.5169
AFIB,Normal,0.5136
AFIB,Normal,0.5804
AFIB,Normal,0.561
AFIB,Normal,0.5246
AFIB,Normal,0.527
AFIB,Normal,0.5014
AFIB,Normal,0.5135
AFIB,Normal,0.525
AFIB,Normal,0.5119
AFIB,Normal,0.5263
AFIB,Normal,0.5364
AFIB,Normal,0.5094
AFIB,Normal,0.5063
AFIB,Normal,0.521
AFIB,Normal,0.5426
AFIB,Normal,0.5407
AFIB,Normal,0.5163
AFIB,Normal,0.5203
AFIB,Normal,0.5238
AFIB,Normal,0.5291
AFIB,Normal,0.5643
AFIB,Normal,0.5266
AFIB,Normal,0.5345
AFIB,Normal,0.5509
AFIB,Normal,0.5394
AFIB,Normal,0.5361
AFIB,Normal,0.5169
AFIB,Normal,0.5201
AFIB,Normal,0.5289
AFIB,Normal,0.504
AFIB,Normal,0.5258
AFIB,Normal,0.5326
AFIB,Normal,0.54
AFIB,Normal,0.5307
AFIB,Normal,0.5436
AFIB,Normal,0.5015
AFIB,Normal,0.5021
AFIB,Normal,0.5274
AFIB,Normal,0.532
AFIB,Normal,0.5107
AFIB,Normal,0.5014
AFIB,Normal,0.5433
AFIB,Normal,0.5562
AFIB,Normal,0.5026
AFIB,Normal,0.5243
AFIB,Normal,0.5267
AFIB,Normal,0.5114
AFIB,Normal,0.5012
AFIB,Normal,0.5154
AFIB,Normal,0.5843
AFIB,Normal,0.5856
AFIB,Normal,0.5486
AFIB,Normal,0.5358
AFIB,Normal,0.5239
AFIB,Normal,0.5273
AFIB,Normal,0.5364
AFIB,Normal,0.5091
AFIB,Normal,0.5351
AFIB,Normal,0.5674
AFIB,Normal,0.5232
AFIB,Normal,0.521
AFIB,Normal,0.5342
AFIB,Normal,0.5259
AFIB,Normal,0.5329
AFIB,Normal,0.5721
AFIB,Normal,0.5152
AFIB,Normal,0.5094
AFIB,Normal,0.5032
AFIB,Normal,0.551
AFIB,Normal,0.5394
AFIB,Normal,0.5052
AFIB,Normal,0.5411
AFIB,Normal,0.5289
AFIB,Normal,0.5276
AFIB,Normal,0.516
AFIB,Normal,0.5344
AFIB,Normal,0.531
AFIB,Normal,0.5229
AFIB,Normal,0.5314
AFIB,Normal,0.5288
AFIB,Normal,0.5004
AFIB,Normal,0.5331
AFIB,Normal,0.5269
AFIB,Normal,0.5349
AFIB,Normal,0.5659
AFIB,Normal,0.5552
AFIB,Normal,0.5442
AFIB,Normal,0.5137
AFIB,Normal,0.5125
AFIB,Normal,0.5072
AFIB,Normal,0.5086
AFIB,Normal,0.5275
AFIB,Normal,0.5403
AFIB,Normal,0.5642
AFIB,Normal,0.5543
AFIB,Normal,0.5224
AFIB,Normal,0.5385
AFIB,Normal,0.566
AFIB,Normal,0.5272
AFIB,Normal,0.5294
AFIB,Normal,0.5386
AFIB,Normal,0.5343
AFIB,Normal,0.5451
AFIB,Normal,0.531
AFIB,Normal,0.5206
AFIB,Normal,0.52
AFIB,Normal,0.5174
AFIB,Normal,0.5317
AFIB,Normal,0.5227
AFIB,Normal,0.5265
AFIB,Normal,0.504
AFIB,Normal,0.5079
AFIB,Normal,0.5091
AFIB,Normal,0.5132
AFIB,Normal,0.5023
AFIB,Normal,0.5128
AFIB,Normal,0.5082
AFIB,Normal,0.5238
AFIB,Normal,0.5332
AFIB,Normal,0.52
AFIB,Normal,0.5056
AFIB,Normal,0.5277
AFIB,Normal,0.521
AFIB,Normal,0.5101
AFIB,Normal,0.5439
Normal,AFIB,0.5957
Normal,AFIB,0.6181
Normal,AFIB,0.5009
AFIB,Normal,0.519
AFIB,Normal,0.572
AFIB,Normal,0.5401
AFIB,Normal,0.5244
AFIB,Normal,0.5343
AFIB,Normal,0.5108
AFIB,Normal,0.5274
AFIB,Normal,0.5071
AFIB,Normal,0.5225
AFIB,Normal,0.54
AFIB,Normal,0.5407
AFIB,Normal,0.5288
AFIB,Normal,0.5349
AFIB,Normal,0.5332
AFIB,Normal,0.5163
AFIB,Normal,0.529
AFIB,Normal,0.5247
AFIB,Normal,0.5029
AFIB,Normal,0.5321
AFIB,Normal,0.5518
AFIB,Normal,0.5282
AFIB,Normal,0.5035
AFIB,Normal,0.5512
AFIB,Normal,0.5786
AFIB,Normal,0.5358
AFIB,Normal,0.517
AFIB,Normal,0.5118
AFIB,Normal,0.5238
AFIB,Normal,0.54
AFIB,Normal,0.5066
AFIB,Normal,0.5571
AFIB,Normal,0.5432
AFIB,Normal,0.5335
AFIB,Normal,0.5201
AFIB,Normal,0.5049
AFIB,Normal,0.5175
AFIB,Normal,0.5248
AFIB,Normal,0.5149
AFIB,Normal,0.5276
AFIB,Normal,0.5393
AFIB,Normal,0.5273
AFIB,Normal,0.5216
AFIB,Normal,0.5287
AFIB,Normal,0.5149
AFIB,Normal,0.512
AFIB,Normal,0.5204
AFIB,Normal,0.5158
AFIB,Normal,0.5005
AFIB,Normal,0.5088
AFIB,Normal,0.5046
AFIB,Normal,0.5065
AFIB,Normal,0.5205
AFIB,Normal,0.519
AFIB,Normal,0.5106
AFIB,Normal,0.5117
AFIB,Normal,0.5087
AFIB,Normal,0.5101
AFIB,Normal,0.516
AFIB,Normal,0.5108
AFIB,Normal,0.5225
AFIB,Normal,0.522
AFIB,Normal,0.5126
AFIB,Normal,0.5044
AFIB,Normal,0.519
AFIB,Normal,0.5152
AFIB,Normal,0.5151
AFIB,Normal,0.5446
AFIB,Normal,0.5261
AFIB,Normal,0.5374
AFIB,Normal,0.533
AFIB,Normal,0.5281
AFIB,Normal,0.518
AFIB,Normal,0.5376
AFIB,Normal,0.5233
AFIB,Normal,0.5156
AFIB,Normal,0.5137
AFIB,Normal,0.5068
AFIB,Normal,0.5301
AFIB,Normal,0.554
AFIB,Normal,0.5282
AFIB,Normal,0.5055
AFIB,Normal,0.524
AFIB,Normal,0.516
AFIB,Normal,0.5006
AFIB,Normal,0.5508
AFIB,Normal,0.5458
AFIB,Normal,0.5408
AFIB,Normal,0.5133
AFIB,Normal,0.5214
AFIB,Normal,0.5366
AFIB,Normal,0.5108
AFIB,Normal,0.5409
AFIB,Normal,0.5316
AFIB,Normal,0.5303
AFIB,Normal,0.54
AFIB,Normal,0.5366
AFIB,Normal,0.537
AFIB,Normal,0.5346
AFIB,Normal,0.5263
AFIB,Normal,0.5351
AFIB,Normal,0.5798
AFIB,Normal,0.5491
AFIB,Normal,0.5599
AFIB,Normal,0.5844
AFIB,Normal,0.5475
AFIB,Normal,0.5236
AFIB,Normal,0.521
AFIB,Normal,0.5009
AFIB,Normal,0.5347
AFIB,Normal,0.5181
AFIB,Normal,0.502
AFIB,Normal,0.5016
AFIB,Normal,0.5105
AFIB,Normal,0.525
AFIB,Normal,0.5522
AFIB,Normal,0.5199
AFIB,Normal,0.501
AFIB,Normal,0.5421
AFIB,Normal,0.5875
AFIB,Normal,0.5721
AFIB,Normal,0.5817
AFIB,Normal,0.5084
AFIB,Normal,0.5036
AFIB,Normal,0.5121
AFIB,Normal,0.5025
AFIB,Normal,0.5217
AFIB,Normal,0.518
AFIB,Normal,0.5187
AFIB,Normal,0.5043
AFIB,Normal,0.5089
AFIB,Normal,0.5156
AFIB,Normal,0.5057
AFIB,Normal,0.5144
AFIB,Normal,0.5152
AFIB,Normal,0.5223
AFIB,Normal,0.5215
AFIB,Normal,0.5224
AFIB,Normal,0.5283
AFIB,Normal,0.5337
AFIB,Normal,0.5038
AFIB,Normal,0.5106
AFIB,Normal,0.546
AFIB,Normal,0.5568
AFIB,Normal,0.515
AFIB,Normal,0.5285
AFIB,Normal,0.5148
AFIB,Normal,0.5039
AFIB,Normal,0.5473
AFIB,Normal,0.5195
AFIB,Normal,0.5264
AFIB,Normal,0.5231
AFIB,Normal,0.539
AFIB,Normal,0.5178
AFIB,Normal,0.5336
AFIB,Normal,0.5005
AFIB,Normal,0.5423
AFIB,Normal,0.512
AFIB,Normal,0.5593
AFIB,Normal,0.5561
AFIB,Normal,0.5007
AFIB,Normal,0.5055
AFIB,Normal,0.5189
AFIB,Normal,0.5071
AFIB,Normal,0.5153
AFIB,Normal,0.53
AFIB,Normal,0.5113
AFIB,Normal,0.5376
AFIB,Normal,0.5017
AFIB,Normal,0.5161
AFIB,Normal,0.5375
AFIB,Normal,0.5212
AFIB,Normal,0.5212
AFIB,Normal,0.536
AFIB,Normal,0.5165
AFIB,Normal,0.5225
AFIB,Normal,0.5353
AFIB,Normal,0.5032
AFIB,Normal,0.5157
AFIB,Normal,0.5172
AFIB,Normal,0.5263
AFIB,Normal,0.5175
AFIB,Normal,0.5121
AFIB,Normal,0.5056
AFIB,Normal,0.5027
AFIB,Normal,0.5118
AFIB,Normal,0.5173
AFIB,Normal,0.5242
AFIB,Normal,0.5124
AFIB,Normal,0.5071
AFIB,Normal,0.5037
AFIB,Normal,0.5112
AFIB,Normal,0.5051
AFIB,Normal,0.512
AFIB,Normal,0.5065
AFIB,Normal,0.5212
AFIB,Normal,0.5007
AFIB,Normal,0.5144
AFIB,Normal,0.5248
AFIB,Normal,0.5182
AFIB,Normal,0.5278
AFIB,Normal,0.5212
AFIB,Normal,0.5319
AFIB,Normal,0.5275
AFIB,Normal,0.5096
AFIB,Normal,0.5256
AFIB,Normal,0.5068
AFIB,Normal,0.504
AFIB,Normal,0.5133
AFIB,Normal,0.5243
AFIB,Normal,0.5281
AFIB,Normal,0.5074
AFIB,Normal,0.5229
AFIB,Normal,0.5271
AFIB,Normal,0.5003
AFIB,Normal,0.5235
AFIB,Normal,0.5365
AFIB,Normal,0.527
AFIB,Normal,0.5192
AFIB,Normal,0.5191
AFIB,Normal,0.5139
AFIB,Normal,0.5055
AFIB,Normal,0.5131
AFIB,Normal,0.5034
AFIB,Normal,0.5131
AFIB,Normal,0.516
AFIB,Normal,0.5007
AFIB,Normal,0.5351
AFIB,Normal,0.5189
AFIB,Normal,0.5198
AFIB,Normal,0.525
AFIB,Normal,0.5109
AFIB,Normal,0.5003
AFIB,Normal,0.5148
AFIB,Normal,0.5132
AFIB,Normal,0.5212
AFIB,Normal,0.5328
AFIB,Normal,0.5455
AFIB,Normal,0.5212
AFIB,Normal,0.524
AFIB,Normal,0.5319
AFIB,Normal,0.5116
AFIB,Normal,0.5166
AFIB,Normal,0.5237
AFIB,Normal,0.5409
AFIB,Normal,0.5242
AFIB,Normal,0.5313
AFIB,Normal,0.5271
AFIB,Normal,0.508
AFIB,Normal,0.5171
AFIB,Normal,0.5186
AFIB,Normal,0.5107
AFIB,Normal,0.5166
AFIB,Normal,0.5249
AFIB,Normal,0.5208
AFIB,Normal,0.5165
AFIB,Normal,0.5242
AFIB,Normal,0.5419
AFIB,Normal,0.524
AFIB,Normal,0.5291
AFIB,Normal,0.5136
AFIB,Normal,0.538
AFIB,Normal,0.5364
AFIB,Normal,0.5194
AFIB,Normal,0.5136
AFIB,Normal,0.5033
AFIB,Normal,0.5145
AFIB,Normal,0.5305
AFIB,Normal,0.526
AFIB,Normal,0.5123
AFIB,Normal,0.5371
AFIB,Normal,0.5145
AFIB,Normal,0.5258
AFIB,Normal,0.5223
AFIB,Normal,0.5066
AFIB,Normal,0.5097
AFIB,Normal,0.5169
AFIB,Normal,0.5186
AFIB,Normal,0.5056
AFIB,Normal,0.5103
AFIB,Normal,0.5457
AFIB,Normal,0.5467
AFIB,Normal,0.5167
AFIB,Normal,0.5044
AFIB,Normal,0.5036
AFIB,Normal,0.51
AFIB,Normal,0.5171
AFIB,Normal,0.5071
AFIB,Normal,0.5054
AFIB,Normal,0.5117
AFIB,Normal,0.5036
AFIB,Normal,0.5022
AFIB,Normal,0.5196
AFIB,Normal,0.5294
AFIB,Normal,0.524
AFIB,Normal,0.5193
AFIB,Normal,0.5369
AFIB,Normal,0.5142
AFIB,Normal,0.5105
AFIB,Normal,0.5074
AFIB,Normal,0.5184
AFIB,Normal,0.5202
AFIB,Normal,0.5179
AFIB,Normal,0.5156
AFIB,Normal,0.5589
AFIB,Normal,0.5361
AFIB,Normal,0.5154
AFIB,Normal,0.5154
AFIB,Normal,0.5112
AFIB,Normal,0.5048
AFIB,Normal,0.513
AFIB,Normal,0.5244
AFIB,Normal,0.5245
AFIB,Normal,0.5174
AFIB,Normal,0.506
AFIB,Normal,0.5222
AFIB,Normal,0.5117
AFIB,Normal,0.5067
AFIB,Normal,0.5078
AFIB,Normal,0.5015
AFIB,Normal,0.572
AFIB,Normal,0.5346
AFIB,Normal,0.5079
AFIB,Normal,0.5664
AFIB,Normal,0.5595
Normal,AFIB,0.5063
AFIB,Normal,0.5184
AFIB,Normal,0.5164
AFIB,Normal,0.5169
AFIB,Normal,0.5197
AFIB,Normal,0.5108
AFIB,Normal,0.5408
AFIB,Normal,0.5004
AFIB,Normal,0.5107
AFIB,Normal,0.5209
AFIB,Normal,0.5035
AFIB,Normal,0.5173
AFIB,Normal,0.5311
AFIB,Normal,0.5286
AFIB,Normal,0.5254
AFIB,Normal,0.5181
AFIB,Normal,0.5059
AFIB,Normal,0.5321
AFIB,Normal,0.5189
AFIB,Normal,0.504
AFIB,Normal,0.5492
AFIB,Normal,0.5371
AFIB,Normal,0.5047
AFIB,Normal,0.5573
AFIB,Normal,0.5263
AFIB,Normal,0.529
AFIB,Normal,0.5307
AFIB,Normal,0.5361
AFIB,Normal,0.5332
AFIB,Normal,0.5236
AFIB,Normal,0.5268
AFIB,Normal,0.5503
AFIB,Normal,0.5309
AFIB,Normal,0.5217
AFIB,Normal,0.5226
AFIB,Normal,0.5025
AFIB,Normal,0.5045
AFIB,Normal,0.5315
AFIB,Normal,0.5408
AFIB,Normal,0.5278
AFIB,Normal,0.5111
AFIB,Normal,0.5493
AFIB,Normal,0.5196
AFIB,Normal,0.5426
AFIB,Normal,0.5304
AFIB,Normal,0.5126
AFIB,Normal,0.5241
AFIB,Normal,0.5274
AFIB,Normal,0.5061
AFIB,Normal,0.5479
AFIB,Normal,0.5584
AFIB,Normal,0.5671
AFIB,Normal,0.5398
Normal,AFIB,0.5193
AFIB,Normal,0.5206
AFIB,Normal,0.524
AFIB,Normal,0.5265
AFIB,Normal,0.5267
AFIB,Normal,0.5076
AFIB,Normal,0.5042
AFIB,Normal,0.5253
AFIB,Normal,0.525
AFIB,Normal,0.5444
AFIB,Normal,0.5105
AFIB,Normal,0.509
AFIB,Normal,0.5073
AFIB,Normal,0.5142
AFIB,Normal,0.5318
AFIB,Normal,0.5311
AFIB,Normal,0.5284
AFIB,Normal,0.5237
AFIB,Normal,0.5166
AFIB,Normal,0.5247
AFIB,Normal,0.5016
AFIB,Normal,0.5029
AFIB,Normal,0.5502
AFIB,Normal,0.5648
AFIB,Normal,0.5588
AFIB,Normal,0.5502
AFIB,Normal,0.5643
AFIB,Normal,0.5216
AFIB,Normal,0.5048
AFIB,Normal,0.5344
AFIB,Normal,0.5206
AFIB,Normal,0.5371
AFIB,Normal,0.5245
AFIB,Normal,0.5164
AFIB,Normal,0.5132
AFIB,Normal,0.5201
AFIB,Normal,0.5012
AFIB,Normal,0.5266
AFIB,Normal,0.5371
AFIB,Normal,0.5224
AFIB,Normal,0.5025
AFIB,Normal,0.5301
AFIB,Normal,0.531
AFIB,Normal,0.5015
AFIB,Normal,0.5336
AFIB,Normal,0.5174
AFIB,Normal,0.5261
AFIB,Normal,0.5334
AFIB,Normal,0.5238
AFIB,Normal,0.5113
AFIB,Normal,0.5062
AFIB,Normal,0.5304
AFIB,Normal,0.5253
AFIB,Normal,0.5172
AFIB,Normal,0.5265
AFIB,Normal,0.5278
AFIB,Normal,0.5043
AFIB,Normal,0.5144
AFIB,Normal,0.5108
AFIB,Normal,0.5116
AFIB,Normal,0.5426
AFIB,Normal,0.5335
AFIB,Normal,0.5011
AFIB,Normal,0.5202
AFIB,Normal,0.5133
AFIB,Normal,0.5241
AFIB,Normal,0.5216
AFIB,Normal,0.5125
AFIB,Normal,0.5287
AFIB,Normal,0.5007
AFIB,Normal,0.5031
AFIB,Normal,0.5042
AFIB,Normal,0.5103
AFIB,Normal,0.5488
AFIB,Normal,0.5409
AFIB,Normal,0.528
Normal,AFIB,0.556
Normal,AFIB,0.5829
Normal,AFIB,0.5492
Normal,AFIB,0.5033
Normal,AFIB,0.5105
Normal,AFIB,0.5144
AFIB,Normal,0.5379
AFIB,Normal,0.5341
AFIB,Normal,0.5166
AFIB,Normal,0.5388
AFIB,Normal,0.549
AFIB,Normal,0.5422
AFIB,Normal,0.516
AFIB,Normal,0.5077
AFIB,Normal,0.5061
AFIB,Normal,0.5058
AFIB,Normal,0.5138
AFIB,Normal,0.5003
AFIB,Normal,0.5104
AFIB,Normal,0.5471
AFIB,Normal,0.5449
AFIB,Normal,0.5661
AFIB,Normal,0.5299
AFIB,Normal,0.5267
AFIB,Normal,0.5351
AFIB,Normal,0.5658
AFIB,Normal,0.5799
AFIB,Normal,0.5803
AFIB,Normal,0.5123
AFIB,Normal,0.5265
AFIB,Normal,0.5419
AFIB,Normal,0.5204
AFIB,Normal,0.5058
AFIB,Normal,0.5265
AFIB,Normal,0.5346
AFIB,Normal,0.5333
Normal,AFIB,0.504
Normal,AFIB,0.5123
Normal,AFIB,0.5018
AFIB,Normal,0.6379
AFIB,Normal,0.5158
AFIB,Normal,0.6356
AFIB,Normal,0.5568
AFIB,Normal,0.5213
AFIB,Normal,0.5469
AFIB,Normal,0.5833
AFIB,Normal,0.5969
AFIB,Normal,0.5196
AFIB,Normal,0.5176
AFIB,Normal,0.5094
AFIB,Normal,0.5934
AFIB,Normal,0.5425
AFIB,Normal,0.5386
AFIB,Normal,0.5096
AFIB,Normal,0.5538
AFIB,Normal,0.5035
AFIB,Normal,0.5193
AFIB,Normal,0.5217
AFIB,Normal,0.5547
AFIB,Normal,0.5229
AFIB,Normal,0.6228
AFIB,Normal,0.5665
AFIB,Normal,0.5487
AFIB,Normal,0.533
AFIB,Normal,0.5899
AFIB,Normal,0.5413
AFIB,Normal,0.5247
AFIB,Normal,0.5559
AFIB,Normal,0.5259
AFIB,Normal,0.5026
AFIB,Normal,0.5132
AFIB,Normal,0.563
AFIB,Normal,0.5481
AFIB,Normal,0.5153
AFIB,Normal,0.5116
AFIB,Normal,0.5327
AFIB,Normal,0.534
AFIB,Normal,0.5508
AFIB,Normal,0.5544
AFIB,Normal,0.5435
AFIB,Normal,0.57
AFIB,Normal,0.5018
AFIB,Normal,0.5084
AFIB,Normal,0.5174
AFIB,Normal,0.5868
AFIB,Normal,0.5849
AFIB,Normal,0.5681
AFIB,Normal,0.6128
AFIB,Normal,0.5162
AFIB,Normal,0.5442
AFIB,Normal,0.6197
AFIB,Normal,0.503
AFIB,Normal,0.5017
AFIB,Normal,0.5208
AFIB,Normal,0.504
AFIB,Normal,0.5959
AFIB,Normal,0.513
AFIB,Normal,0.5021
AFIB,Normal,0.5228
AFIB,Normal,0.5744
AFIB,Normal,0.5779
AFIB,Normal,0.5214
AFIB,Normal,0.5037
AFIB,Normal,0.5123
AFIB,Normal,0.528
AFIB,Normal,0.504
AFIB,Normal,0.5604
AFIB,Normal,0.6122
AFIB,Normal,0.5795
AFIB,Normal,0.5505
AFIB,Normal,0.5126
AFIB,Normal,0.5126
AFIB,Normal,0.5651
AFIB,Normal,0.6249
AFIB,Normal,0.5189
AFIB,Normal,0.5791
AFIB,Normal,0.6055
AFIB,Normal,0.5616
AFIB,Normal,0.5279
AFIB,Normal,0.5464
AFIB,Normal,0.5841
AFIB,Normal,0.5141
AFIB,Normal,0.5133
AFIB,Normal,0.5713
AFIB,Normal,0.5446
AFIB,Normal,0.5579
AFIB,Normal,0.5193
AFIB,Normal,0.5079
AFIB,Normal,0.5682
AFIB,Normal,0.6149
AFIB,Normal,0.5459
AFIB,Normal,0.5345
AFIB,Normal,0.5295
AFIB,Normal,0.5971
AFIB,Normal,0.6188
AFIB,Normal,0.5288
AFIB,Normal,0.5204
AFIB,Normal,0.6435
AFIB,Normal,0.5805
AFIB,Normal,0.5107
AFIB,Normal,0.6217
AFIB,Normal,0.5799
AFIB,Normal,0.5527
AFIB,Normal,0.5052
AFIB,Normal,0.5664
AFIB,Normal,0.5186
AFIB,Normal,0.5851
AFIB,Normal,0.5872
AFIB,Normal,0.5078
AFIB,Normal,0.5046
AFIB,Normal,0.5833
AFIB,Normal,0.543
AFIB,Normal,0.5644
AFIB,Normal,0.5959
AFIB,Normal,0.5841
AFIB,Normal,0.5109
AFIB,Normal,0.5427
AFIB,Normal,0.5295
AFIB,Normal,0.6089
AFIB,Normal,0.5495
AFIB,Normal,0.511
AFIB,Normal,0.5169
AFIB,Normal,0.5612
AFIB,Normal,0.5425
AFIB,Normal,0.533
AFIB,Normal,0.5857
AFIB,Normal,0.5492
AFIB,Normal,0.5458
AFIB,Normal,0.643
AFIB,Normal,0.5396
AFIB,Normal,0.6358
AFIB,Normal,0.5045
AFIB,Normal,0.5754
AFIB,Normal,0.5839
AFIB,Normal,0.5064
AFIB,Normal,0.5206
AFIB,Normal,0.506
AFIB,Normal,0.5772
AFIB,Normal,0.5189
AFIB,Normal,0.5333
AFIB,Normal,0.5043
AFIB,Normal,0.5098
AFIB,Normal,0.5477
AFIB,Normal,0.5917
AFIB,Normal,0.5242
AFIB,Normal,0.511
AFIB,Normal,0.6442
AFIB,Normal,0.5989
AFIB,Normal,0.5255
AFIB,Normal,0.5415
AFIB,Normal,0.5937
AFIB,Normal,0.5143
AFIB,Normal,0.5466
AFIB,Normal,0.5283
AFIB,Normal,0.5335
AFIB,Normal,0.5164
AFIB,Normal,0.5341
AFIB,Normal,0.5063
AFIB,Normal,0.5431
AFIB,Normal,0.5899
AFIB,Normal,0.5709
AFIB,Normal,0.5119
AFIB,Normal,0.5973
AFIB,Normal,0.5779
AFIB,Normal,0.5266
AFIB,Normal,0.5257
AFIB,Normal,0.6393
AFIB,Normal,0.5708
AFIB,Normal,0.5266
AFIB,Normal,0.5562
AFIB,Normal,0.5025
AFIB,Normal,0.5517
AFIB,Normal,0.5353
AFIB,Normal,0.5801
AFIB,Normal,0.5352
AFIB,Normal,0.5849
AFIB,Normal,0.5708
AFIB,Normal,0.5452
AFIB,Normal,0.6333
AFIB,Normal,0.5459
AFIB,Normal,0.5939
AFIB,Normal,0.5015
AFIB,Normal,0.5051
AFIB,Normal,0.511
AFIB,Normal,0.5015
AFIB,Normal,0.5579
AFIB,Normal,0.5027
AFIB,Normal,0.5655
AFIB,Normal,0.521
AFIB,Normal,0.5988
AFIB,Normal,0.5381
AFIB,Normal,0.5552
AFIB,Normal,0.632
AFIB,Normal,0.5755
AFIB,Normal,0.5138
AFIB,Normal,0.5579
AFIB,Normal,0.6214
AFIB,Normal,0.6497
AFIB,Normal,0.5343
AFIB,Normal,0.5053
AFIB,Normal,0.595
AFIB,Normal,0.5493
AFIB,Normal,0.5445
AFIB,Normal,0.5497
AFIB,Normal,0.5893
AFIB,Normal,0.5998
AFIB,Normal,0.5703
AFIB,Normal,0.53
AFIB,Normal,0.5686
AFIB,Normal,0.579
AFIB,Normal,0.5051
AFIB,Normal,0.5977
AFIB,Normal,0.5009
AFIB,Normal,0.5013
AFIB,Normal,0.5353
AFIB,Normal,0.6043
AFIB,Normal,0.5739
AFIB,Normal,0.5183
AFIB,Normal,0.5991
AFIB,Normal,0.5196
AFIB,Normal,0.5214
AFIB,Normal,0.6037
AFIB,Normal,0.5174
AFIB,Normal,0.6052
AFIB,Normal,0.5045
AFIB,Normal,0.5141
AFIB,Normal,0.5475
AFIB,Normal,0.5084
AFIB,Normal,0.5
AFIB,Normal,0.5928
AFIB,Normal,0.5755
AFIB,Normal,0.5218
AFIB,Normal,0.6116
AFIB,Normal,0.5067
AFIB,Normal,0.5944
AFIB,Normal,0.5682
AFIB,Normal,0.5501
AFIB,Normal,0.5321
AFIB,Normal,0.5454
AFIB,Normal,0.5859
AFIB,Normal,0.5667
AFIB,Normal,0.5632
AFIB,Normal,0.6096
AFIB,Normal,0.5311
AFIB,Normal,0.6076
AFIB,Normal,0.5753
AFIB,Normal,0.5288
AFIB,Normal,0.5806
AFIB,Normal,0.5767
AFIB,Normal,0.5291
AFIB,Normal,0.5189
AFIB,Normal,0.5313
AFIB,Normal,0.5391
AFIB,Normal,0.5208
AFIB,Normal,0.6013
AFIB,Normal,0.5095
AFIB,Normal,0.6276
AFIB,Normal,0.6353
AFIB,Normal,0.5656
AFIB,Normal,0.5234
AFIB,Normal,0.5934
AFIB,Normal,0.5418
AFIB,Normal,0.5239
AFIB,Normal,0.548
AFIB,Normal,0.583
AFIB,Normal,0.5837
AFIB,Normal,0.5278
AFIB,Normal,0.501
AFIB,Normal,0.565
AFIB,Normal,0.5552
AFIB,Normal,0.5935
AFIB,Normal,0.5045
AFIB,Normal,0.5617
AFIB,Normal,0.5008
AFIB,Normal,0.5743
AFIB,Normal,0.5166
AFIB,Normal,0.5402
AFIB,Normal,0.5633
AFIB,Normal,0.6296
AFIB,Normal,0.5746
AFIB,Normal,0.5664
AFIB,Normal,0.5219
AFIB,Normal,0.5496
AFIB,Normal,0.5155
AFIB,Normal,0.5217
AFIB,Normal,0.5151
AFIB,Normal,0.5866
AFIB,Normal,0.5104
AFIB,Normal,0.6254
AFIB,Normal,0.5786
AFIB,Normal,0.5018
AFIB,Normal,0.5663
AFIB,Normal,0.5709
AFIB,Normal,0.509
AFIB,Normal,0.559
AFIB,Normal,0.5713
AFIB,Normal,0.5026
AFIB,Normal,0.5135
AFIB,Normal,0.5602
AFIB,Normal,0.6016
AFIB,Normal,0.6254
AFIB,Normal,0.5706
AFIB,Normal,0.6211
AFIB,Normal,0.5336
AFIB,Normal,0.5714
AFIB,Normal,0.5403
AFIB,Normal,0.5386
AFIB,Normal,0.5284
AFIB,Normal,0.6066
AFIB,Normal,0.5838
AFIB,Normal,0.5187
AFIB,Normal,0.6219
AFIB,Normal,0.5291
AFIB,Normal,0.5436
AFIB,Normal,0.5806
AFIB,Normal,0.586
AFIB,Normal,0.5556
AFIB,Normal,0.5518
AFIB,Normal,0.5207
AFIB,Normal,0.6453
AFIB,Normal,0.5153
AFIB,Normal,0.625
AFIB,Normal,0.5714
AFIB,Normal,0.5463
AFIB,Normal,0.5292
AFIB,Normal,0.5599
AFIB,Normal,0.5096
AFIB,Normal,0.5918
AFIB,Normal,0.523
AFIB,Normal,0.625
AFIB,Normal,0.5144
AFIB,Normal,0.6127
AFIB,Normal,0.5152
AFIB,Normal,0.5069
AFIB,Normal,0.582
AFIB,Normal,0.5497
AFIB,Normal,0.5242
AFIB,Normal,0.549
Normal,AFIB,0.5173
Normal,AFIB,0.558
Normal,AFIB,0.5924
Normal,AFIB,0.5239
Normal,AFIB,0.5745
Normal,AFIB,0.5741
Normal,AFIB,0.5924
AFIB,Normal,0.5641
Normal,AFIB,0.5028
Normal,AFIB,0.5129
Normal,AFIB,0.5818
Normal,AFIB,0.5689
Normal,AFIB,0.5465
AFIB,Normal,0.5446
Normal,AFIB,0.5094
AFIB,Normal,0.5164
Normal,AFIB,0.5683
Normal,AFIB,0.5903
Normal,AFIB,0.547
AFIB,Normal,0.5865
AFIB,Normal,0.6634
AFIB,Normal,0.6874
AFIB,Normal,0.6974
AFIB,Normal,0.6944
AFIB,Normal,0.6728
